/*
 Navicat Premium Data Transfer

 Source Server         : localhost
 Source Server Type    : MySQL
 Source Server Version : 80031 (8.0.31)
 Source Host           : localhost:3306
 Source Schema         : wms-ruoyi

 Target Server Type    : MySQL
 Target Server Version : 80031 (8.0.31)
 File Encoding         : 65001

 Date: 15/03/2023 17:31:25
*/

SET NAMES utf8mb4;
SET FOREIGN_KEY_CHECKS = 0;

-- ----------------------------
-- Table structure for gen_table
-- ----------------------------
DROP TABLE IF EXISTS `gen_table`;
CREATE TABLE `gen_table` (
  `table_id` bigint NOT NULL AUTO_INCREMENT COMMENT '编号',
  `table_name` varchar(200) CHARACTER SET utf8mb4 COLLATE utf8mb4_general_ci DEFAULT '' COMMENT '表名称',
  `table_comment` varchar(500) CHARACTER SET utf8mb4 COLLATE utf8mb4_general_ci DEFAULT '' COMMENT '表描述',
  `sub_table_name` varchar(64) CHARACTER SET utf8mb4 COLLATE utf8mb4_general_ci DEFAULT NULL COMMENT '关联子表的表名',
  `sub_table_fk_name` varchar(64) CHARACTER SET utf8mb4 COLLATE utf8mb4_general_ci DEFAULT NULL COMMENT '子表关联的外键名',
  `class_name` varchar(100) CHARACTER SET utf8mb4 COLLATE utf8mb4_general_ci DEFAULT '' COMMENT '实体类名称',
  `tpl_category` varchar(200) CHARACTER SET utf8mb4 COLLATE utf8mb4_general_ci DEFAULT 'crud' COMMENT '使用的模板（crud单表操作 tree树表操作）',
  `package_name` varchar(100) CHARACTER SET utf8mb4 COLLATE utf8mb4_general_ci DEFAULT NULL COMMENT '生成包路径',
  `module_name` varchar(30) CHARACTER SET utf8mb4 COLLATE utf8mb4_general_ci DEFAULT NULL COMMENT '生成模块名',
  `business_name` varchar(30) CHARACTER SET utf8mb4 COLLATE utf8mb4_general_ci DEFAULT NULL COMMENT '生成业务名',
  `function_name` varchar(50) CHARACTER SET utf8mb4 COLLATE utf8mb4_general_ci DEFAULT NULL COMMENT '生成功能名',
  `function_author` varchar(50) CHARACTER SET utf8mb4 COLLATE utf8mb4_general_ci DEFAULT NULL COMMENT '生成功能作者',
  `gen_type` char(1) CHARACTER SET utf8mb4 COLLATE utf8mb4_general_ci DEFAULT '0' COMMENT '生成代码方式（0zip压缩包 1自定义路径）',
  `gen_path` varchar(200) CHARACTER SET utf8mb4 COLLATE utf8mb4_general_ci DEFAULT '/' COMMENT '生成路径（不填默认项目路径）',
  `options` varchar(1000) CHARACTER SET utf8mb4 COLLATE utf8mb4_general_ci DEFAULT NULL COMMENT '其它生成选项',
  `create_by` bigint DEFAULT NULL COMMENT '创建者',
  `create_time` datetime DEFAULT NULL COMMENT '创建时间',
  `update_by` bigint DEFAULT NULL COMMENT '更新者',
  `update_time` datetime(3) DEFAULT NULL COMMENT '更新时间',
  `remark` varchar(500) CHARACTER SET utf8mb4 COLLATE utf8mb4_general_ci DEFAULT NULL COMMENT '备注',
  PRIMARY KEY (`table_id`) USING BTREE
) ENGINE=InnoDB AUTO_INCREMENT=876 DEFAULT CHARSET=utf8mb4 COLLATE=utf8mb4_general_ci ROW_FORMAT=DYNAMIC COMMENT='代码生成业务表';

-- ----------------------------
-- Records of gen_table
-- ----------------------------
BEGIN;
INSERT INTO `gen_table` (`table_id`, `table_name`, `table_comment`, `sub_table_name`, `sub_table_fk_name`, `class_name`, `tpl_category`, `package_name`, `module_name`, `business_name`, `function_name`, `function_author`, `gen_type`, `gen_path`, `options`, `create_by`, `create_time`, `update_by`, `update_time`, `remark`) VALUES (865, 'wms_inventory_history', '库存记录', NULL, NULL, 'WmsInventoryHistory', 'crud', 'com.cyl.wms', 'wms', 'wmsInventoryHistory', '库存记录', 'feijinping', '0', '/', NULL, -1, '2022-10-10 21:08:55', NULL, NULL, NULL);
INSERT INTO `gen_table` (`table_id`, `table_name`, `table_comment`, `sub_table_name`, `sub_table_fk_name`, `class_name`, `tpl_category`, `package_name`, `module_name`, `business_name`, `function_name`, `function_author`, `gen_type`, `gen_path`, `options`, `create_by`, `create_time`, `update_by`, `update_time`, `remark`) VALUES (866, 'wms_inventory', '库存', NULL, NULL, 'WmsInventory', 'crud', 'com.cyl.wms', 'wms', 'wmsInventory', '库存', 'feijinping', '0', '/', NULL, -1, '2022-10-10 22:30:47', NULL, NULL, NULL);
COMMIT;

-- ----------------------------
-- Table structure for gen_table_column
-- ----------------------------
DROP TABLE IF EXISTS `gen_table_column`;
CREATE TABLE `gen_table_column` (
  `column_id` bigint NOT NULL AUTO_INCREMENT COMMENT '编号',
  `table_id` varchar(64) CHARACTER SET utf8mb4 COLLATE utf8mb4_general_ci DEFAULT NULL COMMENT '归属表编号',
  `column_name` varchar(200) CHARACTER SET utf8mb4 COLLATE utf8mb4_general_ci DEFAULT NULL COMMENT '列名称',
  `column_comment` varchar(500) CHARACTER SET utf8mb4 COLLATE utf8mb4_general_ci DEFAULT NULL COMMENT '列描述',
  `column_type` varchar(100) CHARACTER SET utf8mb4 COLLATE utf8mb4_general_ci DEFAULT NULL COMMENT '列类型',
  `java_type` varchar(500) CHARACTER SET utf8mb4 COLLATE utf8mb4_general_ci DEFAULT NULL COMMENT 'JAVA类型',
  `java_field` varchar(200) CHARACTER SET utf8mb4 COLLATE utf8mb4_general_ci DEFAULT NULL COMMENT 'JAVA字段名',
  `is_pk` char(1) CHARACTER SET utf8mb4 COLLATE utf8mb4_general_ci DEFAULT NULL COMMENT '是否主键（1是）',
  `is_increment` char(1) CHARACTER SET utf8mb4 COLLATE utf8mb4_general_ci DEFAULT NULL COMMENT '是否自增（1是）',
  `is_required` char(1) CHARACTER SET utf8mb4 COLLATE utf8mb4_general_ci DEFAULT NULL COMMENT '是否必填（1是）',
  `is_insert` char(1) CHARACTER SET utf8mb4 COLLATE utf8mb4_general_ci DEFAULT NULL COMMENT '是否为插入字段（1是）',
  `is_edit` char(1) CHARACTER SET utf8mb4 COLLATE utf8mb4_general_ci DEFAULT NULL COMMENT '是否编辑字段（1是）',
  `is_list` char(1) CHARACTER SET utf8mb4 COLLATE utf8mb4_general_ci DEFAULT NULL COMMENT '是否列表字段（1是）',
  `is_query` char(1) CHARACTER SET utf8mb4 COLLATE utf8mb4_general_ci DEFAULT NULL COMMENT '是否查询字段（1是）',
  `query_type` varchar(200) CHARACTER SET utf8mb4 COLLATE utf8mb4_general_ci DEFAULT 'EQ' COMMENT '查询方式（等于、不等于、大于、小于、范围）',
  `html_type` varchar(200) CHARACTER SET utf8mb4 COLLATE utf8mb4_general_ci DEFAULT NULL COMMENT '显示类型（文本框、文本域、下拉框、复选框、单选框、日期控件）',
  `dict_type` varchar(200) CHARACTER SET utf8mb4 COLLATE utf8mb4_general_ci DEFAULT '' COMMENT '字典类型',
  `sort` int DEFAULT NULL COMMENT '排序',
  `create_by` bigint DEFAULT NULL COMMENT '创建者',
  `create_time` datetime DEFAULT NULL COMMENT '创建时间',
  `update_by` bigint DEFAULT NULL COMMENT '更新者',
  `update_time` datetime(3) DEFAULT NULL COMMENT '更新时间',
  PRIMARY KEY (`column_id`) USING BTREE
) ENGINE=InnoDB AUTO_INCREMENT=11027 DEFAULT CHARSET=utf8mb4 COLLATE=utf8mb4_general_ci ROW_FORMAT=DYNAMIC COMMENT='代码生成业务表字段';

-- ----------------------------
-- Records of gen_table_column
-- ----------------------------
BEGIN;
INSERT INTO `gen_table_column` (`column_id`, `table_id`, `column_name`, `column_comment`, `column_type`, `java_type`, `java_field`, `is_pk`, `is_increment`, `is_required`, `is_insert`, `is_edit`, `is_list`, `is_query`, `query_type`, `html_type`, `dict_type`, `sort`, `create_by`, `create_time`, `update_by`, `update_time`) VALUES (10878, '865', 'id', 'ID', 'bigint(20)', 'Long', 'id', '1', '1', NULL, '1', NULL, NULL, NULL, 'EQ', 'input', '', 1, -1, '2022-10-10 21:08:56', NULL, NULL);
INSERT INTO `gen_table_column` (`column_id`, `table_id`, `column_name`, `column_comment`, `column_type`, `java_type`, `java_field`, `is_pk`, `is_increment`, `is_required`, `is_insert`, `is_edit`, `is_list`, `is_query`, `query_type`, `html_type`, `dict_type`, `sort`, `create_by`, `create_time`, `update_by`, `update_time`) VALUES (10879, '865', 'form_id', '操作id（出库、入库、库存移动表单id）', 'bigint(20)', 'Long', 'formId', '0', '0', NULL, '1', '1', '1', '1', 'EQ', 'input', '', 2, -1, '2022-10-10 21:08:56', NULL, NULL);
INSERT INTO `gen_table_column` (`column_id`, `table_id`, `column_name`, `column_comment`, `column_type`, `java_type`, `java_field`, `is_pk`, `is_increment`, `is_required`, `is_insert`, `is_edit`, `is_list`, `is_query`, `query_type`, `html_type`, `dict_type`, `sort`, `create_by`, `create_time`, `update_by`, `update_time`) VALUES (10880, '865', 'form_type', '操作类型', 'int(11)', 'Integer', 'formType', '0', '0', NULL, '1', '1', '1', '1', 'EQ', 'select', '', 3, -1, '2022-10-10 21:08:56', NULL, NULL);
INSERT INTO `gen_table_column` (`column_id`, `table_id`, `column_name`, `column_comment`, `column_type`, `java_type`, `java_field`, `is_pk`, `is_increment`, `is_required`, `is_insert`, `is_edit`, `is_list`, `is_query`, `query_type`, `html_type`, `dict_type`, `sort`, `create_by`, `create_time`, `update_by`, `update_time`) VALUES (10881, '865', 'item_id', '物料ID', 'bigint(20)', 'Long', 'itemId', '0', '0', NULL, '1', '1', '1', '1', 'EQ', 'input', '', 4, -1, '2022-10-10 21:08:56', NULL, NULL);
INSERT INTO `gen_table_column` (`column_id`, `table_id`, `column_name`, `column_comment`, `column_type`, `java_type`, `java_field`, `is_pk`, `is_increment`, `is_required`, `is_insert`, `is_edit`, `is_list`, `is_query`, `query_type`, `html_type`, `dict_type`, `sort`, `create_by`, `create_time`, `update_by`, `update_time`) VALUES (10882, '865', 'rack_id', '货架id', 'bigint(20)', 'Long', 'rackId', '0', '0', NULL, '1', '1', '1', '1', 'EQ', 'input', '', 5, -1, '2022-10-10 21:08:56', NULL, NULL);
INSERT INTO `gen_table_column` (`column_id`, `table_id`, `column_name`, `column_comment`, `column_type`, `java_type`, `java_field`, `is_pk`, `is_increment`, `is_required`, `is_insert`, `is_edit`, `is_list`, `is_query`, `query_type`, `html_type`, `dict_type`, `sort`, `create_by`, `create_time`, `update_by`, `update_time`) VALUES (10883, '865', 'quantity', '库存变化', 'decimal(20,2)', 'BigDecimal', 'quantity', '0', '0', NULL, '1', '1', '1', '1', 'EQ', 'input', '', 6, -1, '2022-10-10 21:08:56', NULL, NULL);
INSERT INTO `gen_table_column` (`column_id`, `table_id`, `column_name`, `column_comment`, `column_type`, `java_type`, `java_field`, `is_pk`, `is_increment`, `is_required`, `is_insert`, `is_edit`, `is_list`, `is_query`, `query_type`, `html_type`, `dict_type`, `sort`, `create_by`, `create_time`, `update_by`, `update_time`) VALUES (10884, '865', 'remark', '备注', 'varchar(255)', 'String', 'remark', '0', '0', NULL, '1', '1', '1', NULL, 'EQ', 'input', '', 7, -1, '2022-10-10 21:08:56', NULL, NULL);
INSERT INTO `gen_table_column` (`column_id`, `table_id`, `column_name`, `column_comment`, `column_type`, `java_type`, `java_field`, `is_pk`, `is_increment`, `is_required`, `is_insert`, `is_edit`, `is_list`, `is_query`, `query_type`, `html_type`, `dict_type`, `sort`, `create_by`, `create_time`, `update_by`, `update_time`) VALUES (10885, '865', 'del_flag', '删除标识', 'tinyint(4)', 'Integer', 'delFlag', '0', '0', '1', '1', NULL, NULL, NULL, 'EQ', 'input', '', 8, -1, '2022-10-10 21:08:56', NULL, NULL);
INSERT INTO `gen_table_column` (`column_id`, `table_id`, `column_name`, `column_comment`, `column_type`, `java_type`, `java_field`, `is_pk`, `is_increment`, `is_required`, `is_insert`, `is_edit`, `is_list`, `is_query`, `query_type`, `html_type`, `dict_type`, `sort`, `create_by`, `create_time`, `update_by`, `update_time`) VALUES (10886, '865', 'create_by', '创建人', 'bigint(20)', 'Long', 'createBy', '0', '0', NULL, '1', NULL, NULL, NULL, 'EQ', 'input', '', 9, -1, '2022-10-10 21:08:56', NULL, NULL);
INSERT INTO `gen_table_column` (`column_id`, `table_id`, `column_name`, `column_comment`, `column_type`, `java_type`, `java_field`, `is_pk`, `is_increment`, `is_required`, `is_insert`, `is_edit`, `is_list`, `is_query`, `query_type`, `html_type`, `dict_type`, `sort`, `create_by`, `create_time`, `update_by`, `update_time`) VALUES (10887, '865', 'create_time', '创建时间', 'datetime(3)', 'LocalDateTime', 'createTime', '0', '0', NULL, '1', NULL, NULL, NULL, 'EQ', 'datetime', '', 10, -1, '2022-10-10 21:08:56', NULL, NULL);
INSERT INTO `gen_table_column` (`column_id`, `table_id`, `column_name`, `column_comment`, `column_type`, `java_type`, `java_field`, `is_pk`, `is_increment`, `is_required`, `is_insert`, `is_edit`, `is_list`, `is_query`, `query_type`, `html_type`, `dict_type`, `sort`, `create_by`, `create_time`, `update_by`, `update_time`) VALUES (10888, '865', 'update_by', '修改人', 'bigint(20)', 'Long', 'updateBy', '0', '0', NULL, '1', '1', NULL, NULL, 'EQ', 'input', '', 11, -1, '2022-10-10 21:08:56', NULL, NULL);
INSERT INTO `gen_table_column` (`column_id`, `table_id`, `column_name`, `column_comment`, `column_type`, `java_type`, `java_field`, `is_pk`, `is_increment`, `is_required`, `is_insert`, `is_edit`, `is_list`, `is_query`, `query_type`, `html_type`, `dict_type`, `sort`, `create_by`, `create_time`, `update_by`, `update_time`) VALUES (10889, '865', 'update_time', '修改时间', 'datetime(3)', 'LocalDateTime', 'updateTime', '0', '0', NULL, '1', '1', NULL, NULL, 'EQ', 'datetime', '', 12, -1, '2022-10-10 21:08:56', NULL, NULL);
INSERT INTO `gen_table_column` (`column_id`, `table_id`, `column_name`, `column_comment`, `column_type`, `java_type`, `java_field`, `is_pk`, `is_increment`, `is_required`, `is_insert`, `is_edit`, `is_list`, `is_query`, `query_type`, `html_type`, `dict_type`, `sort`, `create_by`, `create_time`, `update_by`, `update_time`) VALUES (10890, '865', 'warehouseId', '所属仓库', 'bigint(20)', 'Long', 'warehouseid', '0', '0', NULL, '1', '1', '1', '1', 'EQ', 'input', '', 13, -1, '2022-10-10 21:08:56', NULL, NULL);
INSERT INTO `gen_table_column` (`column_id`, `table_id`, `column_name`, `column_comment`, `column_type`, `java_type`, `java_field`, `is_pk`, `is_increment`, `is_required`, `is_insert`, `is_edit`, `is_list`, `is_query`, `query_type`, `html_type`, `dict_type`, `sort`, `create_by`, `create_time`, `update_by`, `update_time`) VALUES (10891, '865', 'areaId', '所属库区', 'bigint(20)', 'Long', 'areaid', '0', '0', NULL, '1', '1', '1', '1', 'EQ', 'input', '', 14, -1, '2022-10-10 21:08:56', NULL, NULL);
INSERT INTO `gen_table_column` (`column_id`, `table_id`, `column_name`, `column_comment`, `column_type`, `java_type`, `java_field`, `is_pk`, `is_increment`, `is_required`, `is_insert`, `is_edit`, `is_list`, `is_query`, `query_type`, `html_type`, `dict_type`, `sort`, `create_by`, `create_time`, `update_by`, `update_time`) VALUES (10892, '866', 'id', 'ID', 'bigint(20)', 'Long', 'id', '1', '1', NULL, '1', NULL, NULL, NULL, 'EQ', 'input', '', 1, -1, '2022-10-10 22:30:47', NULL, NULL);
INSERT INTO `gen_table_column` (`column_id`, `table_id`, `column_name`, `column_comment`, `column_type`, `java_type`, `java_field`, `is_pk`, `is_increment`, `is_required`, `is_insert`, `is_edit`, `is_list`, `is_query`, `query_type`, `html_type`, `dict_type`, `sort`, `create_by`, `create_time`, `update_by`, `update_time`) VALUES (10893, '866', 'item_id', '物料ID', 'bigint(20)', 'Long', 'itemId', '0', '0', NULL, '1', '1', '1', '1', 'EQ', 'input', '', 2, -1, '2022-10-10 22:30:47', NULL, NULL);
INSERT INTO `gen_table_column` (`column_id`, `table_id`, `column_name`, `column_comment`, `column_type`, `java_type`, `java_field`, `is_pk`, `is_increment`, `is_required`, `is_insert`, `is_edit`, `is_list`, `is_query`, `query_type`, `html_type`, `dict_type`, `sort`, `create_by`, `create_time`, `update_by`, `update_time`) VALUES (10894, '866', 'rack_id', '货架id', 'bigint(20)', 'Long', 'rackId', '0', '0', NULL, '1', '1', '1', '1', 'EQ', 'input', '', 3, -1, '2022-10-10 22:30:47', NULL, NULL);
INSERT INTO `gen_table_column` (`column_id`, `table_id`, `column_name`, `column_comment`, `column_type`, `java_type`, `java_field`, `is_pk`, `is_increment`, `is_required`, `is_insert`, `is_edit`, `is_list`, `is_query`, `query_type`, `html_type`, `dict_type`, `sort`, `create_by`, `create_time`, `update_by`, `update_time`) VALUES (10895, '866', 'quantity', '库存', 'decimal(20,2)', 'BigDecimal', 'quantity', '0', '0', NULL, '1', '1', '1', '1', 'EQ', 'input', '', 4, -1, '2022-10-10 22:30:47', NULL, NULL);
INSERT INTO `gen_table_column` (`column_id`, `table_id`, `column_name`, `column_comment`, `column_type`, `java_type`, `java_field`, `is_pk`, `is_increment`, `is_required`, `is_insert`, `is_edit`, `is_list`, `is_query`, `query_type`, `html_type`, `dict_type`, `sort`, `create_by`, `create_time`, `update_by`, `update_time`) VALUES (10896, '866', 'remark', '备注', 'varchar(255)', 'String', 'remark', '0', '0', NULL, '1', '1', '1', NULL, 'EQ', 'input', '', 5, -1, '2022-10-10 22:30:47', NULL, NULL);
INSERT INTO `gen_table_column` (`column_id`, `table_id`, `column_name`, `column_comment`, `column_type`, `java_type`, `java_field`, `is_pk`, `is_increment`, `is_required`, `is_insert`, `is_edit`, `is_list`, `is_query`, `query_type`, `html_type`, `dict_type`, `sort`, `create_by`, `create_time`, `update_by`, `update_time`) VALUES (10897, '866', 'del_flag', '删除标识', 'tinyint(4)', 'Integer', 'delFlag', '0', '0', '1', '1', NULL, NULL, NULL, 'EQ', 'input', '', 6, -1, '2022-10-10 22:30:48', NULL, NULL);
INSERT INTO `gen_table_column` (`column_id`, `table_id`, `column_name`, `column_comment`, `column_type`, `java_type`, `java_field`, `is_pk`, `is_increment`, `is_required`, `is_insert`, `is_edit`, `is_list`, `is_query`, `query_type`, `html_type`, `dict_type`, `sort`, `create_by`, `create_time`, `update_by`, `update_time`) VALUES (10898, '866', 'create_by', '创建人', 'bigint(20)', 'Long', 'createBy', '0', '0', NULL, '1', NULL, NULL, NULL, 'EQ', 'input', '', 7, -1, '2022-10-10 22:30:48', NULL, NULL);
INSERT INTO `gen_table_column` (`column_id`, `table_id`, `column_name`, `column_comment`, `column_type`, `java_type`, `java_field`, `is_pk`, `is_increment`, `is_required`, `is_insert`, `is_edit`, `is_list`, `is_query`, `query_type`, `html_type`, `dict_type`, `sort`, `create_by`, `create_time`, `update_by`, `update_time`) VALUES (10899, '866', 'create_time', '创建时间', 'datetime(3)', 'LocalDateTime', 'createTime', '0', '0', NULL, '1', NULL, NULL, NULL, 'EQ', 'datetime', '', 8, -1, '2022-10-10 22:30:48', NULL, NULL);
INSERT INTO `gen_table_column` (`column_id`, `table_id`, `column_name`, `column_comment`, `column_type`, `java_type`, `java_field`, `is_pk`, `is_increment`, `is_required`, `is_insert`, `is_edit`, `is_list`, `is_query`, `query_type`, `html_type`, `dict_type`, `sort`, `create_by`, `create_time`, `update_by`, `update_time`) VALUES (10900, '866', 'update_by', '修改人', 'bigint(20)', 'Long', 'updateBy', '0', '0', NULL, '1', '1', NULL, NULL, 'EQ', 'input', '', 9, -1, '2022-10-10 22:30:48', NULL, NULL);
INSERT INTO `gen_table_column` (`column_id`, `table_id`, `column_name`, `column_comment`, `column_type`, `java_type`, `java_field`, `is_pk`, `is_increment`, `is_required`, `is_insert`, `is_edit`, `is_list`, `is_query`, `query_type`, `html_type`, `dict_type`, `sort`, `create_by`, `create_time`, `update_by`, `update_time`) VALUES (10901, '866', 'update_time', '修改时间', 'datetime(3)', 'LocalDateTime', 'updateTime', '0', '0', NULL, '1', '1', NULL, NULL, 'EQ', 'datetime', '', 10, -1, '2022-10-10 22:30:48', NULL, NULL);
INSERT INTO `gen_table_column` (`column_id`, `table_id`, `column_name`, `column_comment`, `column_type`, `java_type`, `java_field`, `is_pk`, `is_increment`, `is_required`, `is_insert`, `is_edit`, `is_list`, `is_query`, `query_type`, `html_type`, `dict_type`, `sort`, `create_by`, `create_time`, `update_by`, `update_time`) VALUES (10902, '866', 'warehouse_id', '所属仓库', 'bigint(20)', 'Long', 'warehouseId', '0', '0', NULL, '1', '1', '1', '1', 'EQ', 'input', '', 11, -1, '2022-10-10 22:30:48', NULL, NULL);
INSERT INTO `gen_table_column` (`column_id`, `table_id`, `column_name`, `column_comment`, `column_type`, `java_type`, `java_field`, `is_pk`, `is_increment`, `is_required`, `is_insert`, `is_edit`, `is_list`, `is_query`, `query_type`, `html_type`, `dict_type`, `sort`, `create_by`, `create_time`, `update_by`, `update_time`) VALUES (10903, '866', 'area_id', '所属库区', 'bigint(20)', 'Long', 'areaId', '0', '0', NULL, '1', '1', '1', '1', 'EQ', 'input', '', 12, -1, '2022-10-10 22:30:48', NULL, NULL);
COMMIT;

-- ----------------------------
-- Table structure for qrtz_locks
-- ----------------------------
DROP TABLE IF EXISTS `qrtz_locks`;
CREATE TABLE `qrtz_locks` (
  `sched_name` varchar(120) CHARACTER SET utf8mb4 COLLATE utf8mb4_general_ci NOT NULL COMMENT '调度名称',
  `lock_name` varchar(40) CHARACTER SET utf8mb4 COLLATE utf8mb4_general_ci NOT NULL COMMENT '悲观锁名称',
  PRIMARY KEY (`sched_name`,`lock_name`) USING BTREE
) ENGINE=InnoDB DEFAULT CHARSET=utf8mb4 COLLATE=utf8mb4_general_ci ROW_FORMAT=DYNAMIC COMMENT='存储的悲观锁信息表';

-- ----------------------------
-- Records of qrtz_locks
-- ----------------------------
BEGIN;
INSERT INTO `qrtz_locks` (`sched_name`, `lock_name`) VALUES ('RuoyiScheduler', 'TRIGGER_ACCESS');
COMMIT;

-- ----------------------------
-- Table structure for sys_config
-- ----------------------------
DROP TABLE IF EXISTS `sys_config`;
CREATE TABLE `sys_config` (
  `config_id` int NOT NULL AUTO_INCREMENT COMMENT '参数主键',
  `config_name` varchar(100) CHARACTER SET utf8mb4 COLLATE utf8mb4_general_ci DEFAULT '' COMMENT '参数名称',
  `config_key` varchar(100) CHARACTER SET utf8mb4 COLLATE utf8mb4_general_ci DEFAULT '' COMMENT '参数键名',
  `config_value` varchar(500) CHARACTER SET utf8mb4 COLLATE utf8mb4_general_ci DEFAULT '' COMMENT '参数键值',
  `config_type` char(1) CHARACTER SET utf8mb4 COLLATE utf8mb4_general_ci DEFAULT 'N' COMMENT '系统内置（Y是 N否）',
  `create_by` bigint DEFAULT NULL COMMENT '创建者',
  `create_time` datetime DEFAULT NULL COMMENT '创建时间',
  `update_by` bigint DEFAULT NULL COMMENT '更新者',
  `update_time` datetime(3) DEFAULT NULL COMMENT '更新时间',
  `remark` varchar(500) CHARACTER SET utf8mb4 COLLATE utf8mb4_general_ci DEFAULT NULL COMMENT '备注',
  PRIMARY KEY (`config_id`) USING BTREE
) ENGINE=InnoDB AUTO_INCREMENT=100 DEFAULT CHARSET=utf8mb4 COLLATE=utf8mb4_general_ci ROW_FORMAT=DYNAMIC COMMENT='参数配置表';

-- ----------------------------
-- Records of sys_config
-- ----------------------------
BEGIN;
INSERT INTO `sys_config` (`config_id`, `config_name`, `config_key`, `config_value`, `config_type`, `create_by`, `create_time`, `update_by`, `update_time`, `remark`) VALUES (1, '主框架页-默认皮肤样式名称', 'sys.index.skinName', 'skin-blue', 'Y', 1, '2022-06-17 17:20:29', NULL, NULL, '蓝色 skin-blue、绿色 skin-green、紫色 skin-purple、红色 skin-red、黄色 skin-yellow');
INSERT INTO `sys_config` (`config_id`, `config_name`, `config_key`, `config_value`, `config_type`, `create_by`, `create_time`, `update_by`, `update_time`, `remark`) VALUES (2, '用户管理-账号初始密码', 'sys.user.initPassword', '123456', 'Y', 1, '2022-06-17 17:20:29', NULL, NULL, '初始化密码 123456');
INSERT INTO `sys_config` (`config_id`, `config_name`, `config_key`, `config_value`, `config_type`, `create_by`, `create_time`, `update_by`, `update_time`, `remark`) VALUES (3, '主框架页-侧边栏主题', 'sys.index.sideTheme', 'theme-dark', 'Y', 1, '2022-06-17 17:20:29', NULL, NULL, '深色主题theme-dark，浅色主题theme-light');
INSERT INTO `sys_config` (`config_id`, `config_name`, `config_key`, `config_value`, `config_type`, `create_by`, `create_time`, `update_by`, `update_time`, `remark`) VALUES (4, '账号自助-验证码开关', 'sys.account.captchaOnOff', 'true', 'Y', 1, '2022-06-17 17:20:29', NULL, NULL, '是否开启验证码功能（true开启，false关闭）');
INSERT INTO `sys_config` (`config_id`, `config_name`, `config_key`, `config_value`, `config_type`, `create_by`, `create_time`, `update_by`, `update_time`, `remark`) VALUES (5, '账号自助-是否开启用户注册功能', 'sys.account.registerUser', 'true', 'Y', 1, '2022-06-17 17:20:29', 1, '2023-01-12 16:20:25.000', '是否开启注册用户功能（true开启，false关闭）');
COMMIT;

-- ----------------------------
-- Table structure for sys_dept
-- ----------------------------
DROP TABLE IF EXISTS `sys_dept`;
CREATE TABLE `sys_dept` (
  `dept_id` bigint NOT NULL AUTO_INCREMENT COMMENT '部门id',
  `parent_id` bigint DEFAULT '0' COMMENT '父部门id',
  `ancestors` varchar(50) CHARACTER SET utf8mb4 COLLATE utf8mb4_general_ci DEFAULT '' COMMENT '祖级列表',
  `dept_name` varchar(30) CHARACTER SET utf8mb4 COLLATE utf8mb4_general_ci DEFAULT '' COMMENT '部门名称',
  `order_num` int DEFAULT '0' COMMENT '显示顺序',
  `leader` varchar(20) CHARACTER SET utf8mb4 COLLATE utf8mb4_general_ci DEFAULT NULL COMMENT '负责人',
  `phone` varchar(11) CHARACTER SET utf8mb4 COLLATE utf8mb4_general_ci DEFAULT NULL COMMENT '联系电话',
  `email` varchar(50) CHARACTER SET utf8mb4 COLLATE utf8mb4_general_ci DEFAULT NULL COMMENT '邮箱',
  `status` char(1) CHARACTER SET utf8mb4 COLLATE utf8mb4_general_ci DEFAULT '0' COMMENT '部门状态（0正常 1停用）',
  `del_flag` char(1) CHARACTER SET utf8mb4 COLLATE utf8mb4_general_ci DEFAULT '0' COMMENT '删除标志（0代表存在 2代表删除）',
  `create_by` bigint DEFAULT NULL COMMENT '创建者',
  `create_time` datetime(3) DEFAULT NULL COMMENT '创建时间',
  `update_by` bigint DEFAULT NULL COMMENT '更新者',
  `update_time` datetime(3) DEFAULT NULL COMMENT '更新时间',
  PRIMARY KEY (`dept_id`) USING BTREE
) ENGINE=InnoDB AUTO_INCREMENT=200 DEFAULT CHARSET=utf8mb4 COLLATE=utf8mb4_general_ci ROW_FORMAT=DYNAMIC COMMENT='部门表';

-- ----------------------------
-- Records of sys_dept
-- ----------------------------
BEGIN;
INSERT INTO `sys_dept` (`dept_id`, `parent_id`, `ancestors`, `dept_name`, `order_num`, `leader`, `phone`, `email`, `status`, `del_flag`, `create_by`, `create_time`, `update_by`, `update_time`) VALUES (100, 0, '0', '中软科技', 0, '若依', '15888888888', 'ry@qq.com', '0', '0', 1, '2022-06-17 17:20:19.000', NULL, NULL);
INSERT INTO `sys_dept` (`dept_id`, `parent_id`, `ancestors`, `dept_name`, `order_num`, `leader`, `phone`, `email`, `status`, `del_flag`, `create_by`, `create_time`, `update_by`, `update_time`) VALUES (101, 100, '0,100', '深圳总公司', 1, '若依', '15888888888', 'ry@qq.com', '0', '0', 1, '2022-06-17 17:20:19.000', NULL, NULL);
INSERT INTO `sys_dept` (`dept_id`, `parent_id`, `ancestors`, `dept_name`, `order_num`, `leader`, `phone`, `email`, `status`, `del_flag`, `create_by`, `create_time`, `update_by`, `update_time`) VALUES (102, 100, '0,100', '长沙分公司', 2, '若依', '15888888888', 'ry@qq.com', '0', '0', 1, '2022-06-17 17:20:19.000', NULL, NULL);
INSERT INTO `sys_dept` (`dept_id`, `parent_id`, `ancestors`, `dept_name`, `order_num`, `leader`, `phone`, `email`, `status`, `del_flag`, `create_by`, `create_time`, `update_by`, `update_time`) VALUES (103, 101, '0,100,101', '研发部门', 1, '若依', '15888888888', 'ry@qq.com', '0', '0', 1, '2022-06-17 17:20:19.000', NULL, NULL);
INSERT INTO `sys_dept` (`dept_id`, `parent_id`, `ancestors`, `dept_name`, `order_num`, `leader`, `phone`, `email`, `status`, `del_flag`, `create_by`, `create_time`, `update_by`, `update_time`) VALUES (104, 101, '0,100,101', '市场部门', 2, '若依', '15888888888', 'ry@qq.com', '0', '0', 1, '2022-06-17 17:20:19.000', NULL, NULL);
INSERT INTO `sys_dept` (`dept_id`, `parent_id`, `ancestors`, `dept_name`, `order_num`, `leader`, `phone`, `email`, `status`, `del_flag`, `create_by`, `create_time`, `update_by`, `update_time`) VALUES (105, 101, '0,100,101', '测试部门', 3, '若依', '15888888888', 'ry@qq.com', '0', '0', 1, '2022-06-17 17:20:19.000', NULL, NULL);
INSERT INTO `sys_dept` (`dept_id`, `parent_id`, `ancestors`, `dept_name`, `order_num`, `leader`, `phone`, `email`, `status`, `del_flag`, `create_by`, `create_time`, `update_by`, `update_time`) VALUES (106, 101, '0,100,101', '财务部门', 4, '若依', '15888888888', 'ry@qq.com', '0', '0', 1, '2022-06-17 17:20:19.000', NULL, NULL);
INSERT INTO `sys_dept` (`dept_id`, `parent_id`, `ancestors`, `dept_name`, `order_num`, `leader`, `phone`, `email`, `status`, `del_flag`, `create_by`, `create_time`, `update_by`, `update_time`) VALUES (107, 101, '0,100,101', '运维部门', 5, '若依', '15888888888', 'ry@qq.com', '0', '0', 1, '2022-06-17 17:20:19.000', NULL, NULL);
INSERT INTO `sys_dept` (`dept_id`, `parent_id`, `ancestors`, `dept_name`, `order_num`, `leader`, `phone`, `email`, `status`, `del_flag`, `create_by`, `create_time`, `update_by`, `update_time`) VALUES (108, 102, '0,100,102', '市场部门', 1, '若依', '15888888888', 'ry@qq.com', '0', '0', 1, '2022-06-17 17:20:19.000', NULL, NULL);
INSERT INTO `sys_dept` (`dept_id`, `parent_id`, `ancestors`, `dept_name`, `order_num`, `leader`, `phone`, `email`, `status`, `del_flag`, `create_by`, `create_time`, `update_by`, `update_time`) VALUES (109, 102, '0,100,102', '财务部门', 2, '若依', '15888888888', 'ry@qq.com', '0', '0', 1, '2022-06-17 17:20:19.000', NULL, NULL);
COMMIT;

-- ----------------------------
-- Table structure for sys_dict_data
-- ----------------------------
DROP TABLE IF EXISTS `sys_dict_data`;
CREATE TABLE `sys_dict_data` (
  `dict_code` bigint NOT NULL AUTO_INCREMENT COMMENT '字典编码',
  `dict_sort` int DEFAULT '0' COMMENT '字典排序',
  `dict_label` varchar(100) CHARACTER SET utf8mb4 COLLATE utf8mb4_general_ci DEFAULT '' COMMENT '字典标签',
  `dict_value` varchar(100) CHARACTER SET utf8mb4 COLLATE utf8mb4_general_ci DEFAULT '' COMMENT '字典键值',
  `dict_type` varchar(100) CHARACTER SET utf8mb4 COLLATE utf8mb4_general_ci DEFAULT '' COMMENT '字典类型',
  `css_class` varchar(100) CHARACTER SET utf8mb4 COLLATE utf8mb4_general_ci DEFAULT NULL COMMENT '样式属性（其他样式扩展）',
  `list_class` varchar(100) CHARACTER SET utf8mb4 COLLATE utf8mb4_general_ci DEFAULT NULL COMMENT '表格回显样式',
  `is_default` char(1) CHARACTER SET utf8mb4 COLLATE utf8mb4_general_ci DEFAULT 'N' COMMENT '是否默认（Y是 N否）',
  `status` char(1) CHARACTER SET utf8mb4 COLLATE utf8mb4_general_ci DEFAULT '0' COMMENT '状态（0正常 1停用）',
  `create_by` bigint DEFAULT NULL COMMENT '创建者',
  `create_time` datetime(3) DEFAULT NULL COMMENT '创建时间',
  `update_by` bigint DEFAULT NULL COMMENT '更新者',
  `update_time` datetime(3) DEFAULT NULL COMMENT '更新时间',
  `remark` varchar(500) CHARACTER SET utf8mb4 COLLATE utf8mb4_general_ci DEFAULT NULL COMMENT '备注',
  PRIMARY KEY (`dict_code`) USING BTREE
) ENGINE=InnoDB AUTO_INCREMENT=131 DEFAULT CHARSET=utf8mb4 COLLATE=utf8mb4_general_ci ROW_FORMAT=DYNAMIC COMMENT='字典数据表';

-- ----------------------------
-- Records of sys_dict_data
-- ----------------------------
BEGIN;
INSERT INTO `sys_dict_data` (`dict_code`, `dict_sort`, `dict_label`, `dict_value`, `dict_type`, `css_class`, `list_class`, `is_default`, `status`, `create_by`, `create_time`, `update_by`, `update_time`, `remark`) VALUES (1, 1, '男', '0', 'sys_user_sex', '', '', 'Y', '0', 1, '2022-06-17 17:20:28.000', NULL, NULL, '性别男');
INSERT INTO `sys_dict_data` (`dict_code`, `dict_sort`, `dict_label`, `dict_value`, `dict_type`, `css_class`, `list_class`, `is_default`, `status`, `create_by`, `create_time`, `update_by`, `update_time`, `remark`) VALUES (2, 2, '女', '1', 'sys_user_sex', '', '', 'N', '0', 1, '2022-06-17 17:20:28.000', NULL, NULL, '性别女');
INSERT INTO `sys_dict_data` (`dict_code`, `dict_sort`, `dict_label`, `dict_value`, `dict_type`, `css_class`, `list_class`, `is_default`, `status`, `create_by`, `create_time`, `update_by`, `update_time`, `remark`) VALUES (3, 3, '未知', '2', 'sys_user_sex', '', '', 'N', '0', 1, '2022-06-17 17:20:28.000', NULL, NULL, '性别未知');
INSERT INTO `sys_dict_data` (`dict_code`, `dict_sort`, `dict_label`, `dict_value`, `dict_type`, `css_class`, `list_class`, `is_default`, `status`, `create_by`, `create_time`, `update_by`, `update_time`, `remark`) VALUES (4, 1, '显示', '0', 'sys_show_hide', '', 'primary', 'Y', '0', 1, '2022-06-17 17:20:28.000', NULL, NULL, '显示菜单');
INSERT INTO `sys_dict_data` (`dict_code`, `dict_sort`, `dict_label`, `dict_value`, `dict_type`, `css_class`, `list_class`, `is_default`, `status`, `create_by`, `create_time`, `update_by`, `update_time`, `remark`) VALUES (5, 2, '隐藏', '1', 'sys_show_hide', '', 'danger', 'N', '0', 1, '2022-06-17 17:20:28.000', NULL, NULL, '隐藏菜单');
INSERT INTO `sys_dict_data` (`dict_code`, `dict_sort`, `dict_label`, `dict_value`, `dict_type`, `css_class`, `list_class`, `is_default`, `status`, `create_by`, `create_time`, `update_by`, `update_time`, `remark`) VALUES (6, 1, '正常', '0', 'sys_normal_disable', '', 'primary', 'Y', '0', 1, '2022-06-17 17:20:28.000', NULL, NULL, '正常状态');
INSERT INTO `sys_dict_data` (`dict_code`, `dict_sort`, `dict_label`, `dict_value`, `dict_type`, `css_class`, `list_class`, `is_default`, `status`, `create_by`, `create_time`, `update_by`, `update_time`, `remark`) VALUES (7, 2, '停用', '1', 'sys_normal_disable', '', 'danger', 'N', '0', 1, '2022-06-17 17:20:28.000', NULL, NULL, '停用状态');
INSERT INTO `sys_dict_data` (`dict_code`, `dict_sort`, `dict_label`, `dict_value`, `dict_type`, `css_class`, `list_class`, `is_default`, `status`, `create_by`, `create_time`, `update_by`, `update_time`, `remark`) VALUES (8, 1, '正常', '0', 'sys_job_status', '', 'primary', 'Y', '0', 1, '2022-06-17 17:20:28.000', NULL, NULL, '正常状态');
INSERT INTO `sys_dict_data` (`dict_code`, `dict_sort`, `dict_label`, `dict_value`, `dict_type`, `css_class`, `list_class`, `is_default`, `status`, `create_by`, `create_time`, `update_by`, `update_time`, `remark`) VALUES (9, 2, '暂停', '1', 'sys_job_status', '', 'danger', 'N', '0', 1, '2022-06-17 17:20:28.000', NULL, NULL, '停用状态');
INSERT INTO `sys_dict_data` (`dict_code`, `dict_sort`, `dict_label`, `dict_value`, `dict_type`, `css_class`, `list_class`, `is_default`, `status`, `create_by`, `create_time`, `update_by`, `update_time`, `remark`) VALUES (10, 1, '默认', 'DEFAULT', 'sys_job_group', '', '', 'Y', '0', 1, '2022-06-17 17:20:28.000', NULL, NULL, '默认分组');
INSERT INTO `sys_dict_data` (`dict_code`, `dict_sort`, `dict_label`, `dict_value`, `dict_type`, `css_class`, `list_class`, `is_default`, `status`, `create_by`, `create_time`, `update_by`, `update_time`, `remark`) VALUES (11, 2, '系统', 'SYSTEM', 'sys_job_group', '', '', 'N', '0', 1, '2022-06-17 17:20:28.000', NULL, NULL, '系统分组');
INSERT INTO `sys_dict_data` (`dict_code`, `dict_sort`, `dict_label`, `dict_value`, `dict_type`, `css_class`, `list_class`, `is_default`, `status`, `create_by`, `create_time`, `update_by`, `update_time`, `remark`) VALUES (12, 1, '是', 'Y', 'sys_yes_no', '', 'primary', 'Y', '0', 1, '2022-06-17 17:20:28.000', NULL, NULL, '系统默认是');
INSERT INTO `sys_dict_data` (`dict_code`, `dict_sort`, `dict_label`, `dict_value`, `dict_type`, `css_class`, `list_class`, `is_default`, `status`, `create_by`, `create_time`, `update_by`, `update_time`, `remark`) VALUES (13, 2, '否', 'N', 'sys_yes_no', '', 'danger', 'N', '0', 1, '2022-06-17 17:20:28.000', NULL, NULL, '系统默认否');
INSERT INTO `sys_dict_data` (`dict_code`, `dict_sort`, `dict_label`, `dict_value`, `dict_type`, `css_class`, `list_class`, `is_default`, `status`, `create_by`, `create_time`, `update_by`, `update_time`, `remark`) VALUES (14, 1, '通知', '1', 'sys_notice_type', '', 'warning', 'Y', '0', 1, '2022-06-17 17:20:28.000', NULL, NULL, '通知');
INSERT INTO `sys_dict_data` (`dict_code`, `dict_sort`, `dict_label`, `dict_value`, `dict_type`, `css_class`, `list_class`, `is_default`, `status`, `create_by`, `create_time`, `update_by`, `update_time`, `remark`) VALUES (15, 2, '公告', '2', 'sys_notice_type', '', 'success', 'N', '0', 1, '2022-06-17 17:20:28.000', NULL, NULL, '公告');
INSERT INTO `sys_dict_data` (`dict_code`, `dict_sort`, `dict_label`, `dict_value`, `dict_type`, `css_class`, `list_class`, `is_default`, `status`, `create_by`, `create_time`, `update_by`, `update_time`, `remark`) VALUES (16, 1, '正常', '0', 'sys_notice_status', '', 'primary', 'Y', '0', 1, '2022-06-17 17:20:29.000', NULL, NULL, '正常状态');
INSERT INTO `sys_dict_data` (`dict_code`, `dict_sort`, `dict_label`, `dict_value`, `dict_type`, `css_class`, `list_class`, `is_default`, `status`, `create_by`, `create_time`, `update_by`, `update_time`, `remark`) VALUES (17, 2, '关闭', '1', 'sys_notice_status', '', 'danger', 'N', '0', 1, '2022-06-17 17:20:29.000', NULL, NULL, '关闭状态');
INSERT INTO `sys_dict_data` (`dict_code`, `dict_sort`, `dict_label`, `dict_value`, `dict_type`, `css_class`, `list_class`, `is_default`, `status`, `create_by`, `create_time`, `update_by`, `update_time`, `remark`) VALUES (18, 1, '新增', '1', 'sys_oper_type', '', 'info', 'N', '0', 1, '2022-06-17 17:20:29.000', NULL, NULL, '新增操作');
INSERT INTO `sys_dict_data` (`dict_code`, `dict_sort`, `dict_label`, `dict_value`, `dict_type`, `css_class`, `list_class`, `is_default`, `status`, `create_by`, `create_time`, `update_by`, `update_time`, `remark`) VALUES (19, 2, '修改', '2', 'sys_oper_type', '', 'info', 'N', '0', 1, '2022-06-17 17:20:29.000', NULL, NULL, '修改操作');
INSERT INTO `sys_dict_data` (`dict_code`, `dict_sort`, `dict_label`, `dict_value`, `dict_type`, `css_class`, `list_class`, `is_default`, `status`, `create_by`, `create_time`, `update_by`, `update_time`, `remark`) VALUES (20, 3, '删除', '3', 'sys_oper_type', '', 'danger', 'N', '0', 1, '2022-06-17 17:20:29.000', NULL, NULL, '删除操作');
INSERT INTO `sys_dict_data` (`dict_code`, `dict_sort`, `dict_label`, `dict_value`, `dict_type`, `css_class`, `list_class`, `is_default`, `status`, `create_by`, `create_time`, `update_by`, `update_time`, `remark`) VALUES (21, 4, '授权', '4', 'sys_oper_type', '', 'primary', 'N', '0', 1, '2022-06-17 17:20:29.000', NULL, NULL, '授权操作');
INSERT INTO `sys_dict_data` (`dict_code`, `dict_sort`, `dict_label`, `dict_value`, `dict_type`, `css_class`, `list_class`, `is_default`, `status`, `create_by`, `create_time`, `update_by`, `update_time`, `remark`) VALUES (22, 5, '导出', '5', 'sys_oper_type', '', 'warning', 'N', '0', 1, '2022-06-17 17:20:29.000', NULL, NULL, '导出操作');
INSERT INTO `sys_dict_data` (`dict_code`, `dict_sort`, `dict_label`, `dict_value`, `dict_type`, `css_class`, `list_class`, `is_default`, `status`, `create_by`, `create_time`, `update_by`, `update_time`, `remark`) VALUES (23, 6, '导入', '6', 'sys_oper_type', '', 'warning', 'N', '0', 1, '2022-06-17 17:20:29.000', NULL, NULL, '导入操作');
INSERT INTO `sys_dict_data` (`dict_code`, `dict_sort`, `dict_label`, `dict_value`, `dict_type`, `css_class`, `list_class`, `is_default`, `status`, `create_by`, `create_time`, `update_by`, `update_time`, `remark`) VALUES (24, 7, '强退', '7', 'sys_oper_type', '', 'danger', 'N', '0', 1, '2022-06-17 17:20:29.000', NULL, NULL, '强退操作');
INSERT INTO `sys_dict_data` (`dict_code`, `dict_sort`, `dict_label`, `dict_value`, `dict_type`, `css_class`, `list_class`, `is_default`, `status`, `create_by`, `create_time`, `update_by`, `update_time`, `remark`) VALUES (25, 8, '生成代码', '8', 'sys_oper_type', '', 'warning', 'N', '0', 1, '2022-06-17 17:20:29.000', NULL, NULL, '生成操作');
INSERT INTO `sys_dict_data` (`dict_code`, `dict_sort`, `dict_label`, `dict_value`, `dict_type`, `css_class`, `list_class`, `is_default`, `status`, `create_by`, `create_time`, `update_by`, `update_time`, `remark`) VALUES (26, 9, '清空数据', '9', 'sys_oper_type', '', 'danger', 'N', '0', 1, '2022-06-17 17:20:29.000', NULL, NULL, '清空操作');
INSERT INTO `sys_dict_data` (`dict_code`, `dict_sort`, `dict_label`, `dict_value`, `dict_type`, `css_class`, `list_class`, `is_default`, `status`, `create_by`, `create_time`, `update_by`, `update_time`, `remark`) VALUES (27, 1, '成功', '0', 'sys_common_status', '', 'primary', 'N', '0', 1, '2022-06-17 17:20:29.000', NULL, NULL, '正常状态');
INSERT INTO `sys_dict_data` (`dict_code`, `dict_sort`, `dict_label`, `dict_value`, `dict_type`, `css_class`, `list_class`, `is_default`, `status`, `create_by`, `create_time`, `update_by`, `update_time`, `remark`) VALUES (28, 2, '失败', '1', 'sys_common_status', '', 'danger', 'N', '0', 1, '2022-06-17 17:20:29.000', NULL, NULL, '停用状态');
INSERT INTO `sys_dict_data` (`dict_code`, `dict_sort`, `dict_label`, `dict_value`, `dict_type`, `css_class`, `list_class`, `is_default`, `status`, `create_by`, `create_time`, `update_by`, `update_time`, `remark`) VALUES (100, 0, '原物料', '原物料', 'wms_item_type', NULL, 'default', 'N', '0', 1, '2022-08-18 15:49:33.000', NULL, NULL, NULL);
INSERT INTO `sys_dict_data` (`dict_code`, `dict_sort`, `dict_label`, `dict_value`, `dict_type`, `css_class`, `list_class`, `is_default`, `status`, `create_by`, `create_time`, `update_by`, `update_time`, `remark`) VALUES (101, 1, '半成品', '半成品', 'wms_item_type', NULL, 'default', 'N', '0', 1, '2022-08-18 15:49:58.000', NULL, NULL, NULL);
INSERT INTO `sys_dict_data` (`dict_code`, `dict_sort`, `dict_label`, `dict_value`, `dict_type`, `css_class`, `list_class`, `is_default`, `status`, `create_by`, `create_time`, `update_by`, `update_time`, `remark`) VALUES (102, 2, '产成品', '产成品', 'wms_item_type', NULL, 'default', 'N', '0', 1, '2022-08-18 15:50:15.000', NULL, NULL, NULL);
INSERT INTO `sys_dict_data` (`dict_code`, `dict_sort`, `dict_label`, `dict_value`, `dict_type`, `css_class`, `list_class`, `is_default`, `status`, `create_by`, `create_time`, `update_by`, `update_time`, `remark`) VALUES (103, 3, '原辅料', '原辅料', 'wms_item_type', NULL, 'default', 'N', '0', 1, '2022-08-18 15:50:35.000', NULL, NULL, NULL);
INSERT INTO `sys_dict_data` (`dict_code`, `dict_sort`, `dict_label`, `dict_value`, `dict_type`, `css_class`, `list_class`, `is_default`, `status`, `create_by`, `create_time`, `update_by`, `update_time`, `remark`) VALUES (104, 0, '第一级', '第一级', 'wms_carrier_level', NULL, 'default', 'N', '0', 1, '2022-08-18 17:51:14.000', NULL, NULL, NULL);
INSERT INTO `sys_dict_data` (`dict_code`, `dict_sort`, `dict_label`, `dict_value`, `dict_type`, `css_class`, `list_class`, `is_default`, `status`, `create_by`, `create_time`, `update_by`, `update_time`, `remark`) VALUES (105, 1, '第二级', '第二级', 'wms_carrier_level', NULL, 'default', 'N', '0', 1, '2022-08-18 17:51:27.000', NULL, NULL, NULL);
INSERT INTO `sys_dict_data` (`dict_code`, `dict_sort`, `dict_label`, `dict_value`, `dict_type`, `css_class`, `list_class`, `is_default`, `status`, `create_by`, `create_time`, `update_by`, `update_time`, `remark`) VALUES (106, 0, '第一级', '第一级', 'wms_supplier_level', NULL, 'default', 'N', '0', 1, '2022-08-18 18:05:23.000', NULL, NULL, NULL);
INSERT INTO `sys_dict_data` (`dict_code`, `dict_sort`, `dict_label`, `dict_value`, `dict_type`, `css_class`, `list_class`, `is_default`, `status`, `create_by`, `create_time`, `update_by`, `update_time`, `remark`) VALUES (107, 1, '第二级', '第二级', 'wms_supplier_level', NULL, 'default', 'N', '0', 1, '2022-08-18 18:05:35.000', NULL, NULL, NULL);
INSERT INTO `sys_dict_data` (`dict_code`, `dict_sort`, `dict_label`, `dict_value`, `dict_type`, `css_class`, `list_class`, `is_default`, `status`, `create_by`, `create_time`, `update_by`, `update_time`, `remark`) VALUES (108, 2, '第三级', '第三级', 'wms_supplier_level', NULL, 'default', 'N', '0', 1, '2022-08-18 18:05:48.000', NULL, NULL, NULL);
INSERT INTO `sys_dict_data` (`dict_code`, `dict_sort`, `dict_label`, `dict_value`, `dict_type`, `css_class`, `list_class`, `is_default`, `status`, `create_by`, `create_time`, `update_by`, `update_time`, `remark`) VALUES (109, 0, '采购入库', '1', 'wms_receipt_type', NULL, 'default', 'N', '0', 1, '2022-08-21 15:04:34.000', 1, '2022-08-23 17:37:07.000', NULL);
INSERT INTO `sys_dict_data` (`dict_code`, `dict_sort`, `dict_label`, `dict_value`, `dict_type`, `css_class`, `list_class`, `is_default`, `status`, `create_by`, `create_time`, `update_by`, `update_time`, `remark`) VALUES (110, 1, '外协入库', '2', 'wms_receipt_type', NULL, 'default', 'N', '0', 1, '2022-08-21 15:05:39.000', 1, '2022-08-23 17:37:16.000', NULL);
INSERT INTO `sys_dict_data` (`dict_code`, `dict_sort`, `dict_label`, `dict_value`, `dict_type`, `css_class`, `list_class`, `is_default`, `status`, `create_by`, `create_time`, `update_by`, `update_time`, `remark`) VALUES (112, 2, '退货入库', '3', 'wms_receipt_type', NULL, 'default', 'N', '0', 1, '2022-08-23 17:31:45.000', 1, '2022-08-23 17:37:21.000', NULL);
INSERT INTO `sys_dict_data` (`dict_code`, `dict_sort`, `dict_label`, `dict_value`, `dict_type`, `css_class`, `list_class`, `is_default`, `status`, `create_by`, `create_time`, `update_by`, `update_time`, `remark`) VALUES (113, 0, '未发货', '0', 'wms_receipt_status', NULL, 'default', 'N', '0', 1, '2022-08-29 17:19:12.000', NULL, NULL, NULL);
INSERT INTO `sys_dict_data` (`dict_code`, `dict_sort`, `dict_label`, `dict_value`, `dict_type`, `css_class`, `list_class`, `is_default`, `status`, `create_by`, `create_time`, `update_by`, `update_time`, `remark`) VALUES (114, 1, '在途（已发货未入库）', '1', 'wms_receipt_status', NULL, 'default', 'N', '0', 1, '2022-08-29 17:19:24.000', 1, '2022-08-29 17:53:52.000', NULL);
INSERT INTO `sys_dict_data` (`dict_code`, `dict_sort`, `dict_label`, `dict_value`, `dict_type`, `css_class`, `list_class`, `is_default`, `status`, `create_by`, `create_time`, `update_by`, `update_time`, `remark`) VALUES (115, 2, '部分入库', '2', 'wms_receipt_status', NULL, 'default', 'N', '0', 1, '2022-08-29 17:19:35.000', 1, '2022-08-29 17:19:47.000', NULL);
INSERT INTO `sys_dict_data` (`dict_code`, `dict_sort`, `dict_label`, `dict_value`, `dict_type`, `css_class`, `list_class`, `is_default`, `status`, `create_by`, `create_time`, `update_by`, `update_time`, `remark`) VALUES (116, 4, '入库完成', '3', 'wms_receipt_status', NULL, 'default', 'N', '0', 1, '2022-08-29 17:20:35.000', 1, '2022-09-21 11:59:33.000', NULL);
INSERT INTO `sys_dict_data` (`dict_code`, `dict_sort`, `dict_label`, `dict_value`, `dict_type`, `css_class`, `list_class`, `is_default`, `status`, `create_by`, `create_time`, `update_by`, `update_time`, `remark`) VALUES (117, 3, '作废', '4', 'wms_receipt_status', NULL, 'default', 'N', '0', 1, '2022-09-21 11:59:23.000', NULL, NULL, NULL);
INSERT INTO `sys_dict_data` (`dict_code`, `dict_sort`, `dict_label`, `dict_value`, `dict_type`, `css_class`, `list_class`, `is_default`, `status`, `create_by`, `create_time`, `update_by`, `update_time`, `remark`) VALUES (118, 0, '销售出库', '11', 'wms_shipment_type', NULL, 'default', 'N', '0', 1, '2022-10-20 13:34:06.000', NULL, NULL, NULL);
INSERT INTO `sys_dict_data` (`dict_code`, `dict_sort`, `dict_label`, `dict_value`, `dict_type`, `css_class`, `list_class`, `is_default`, `status`, `create_by`, `create_time`, `update_by`, `update_time`, `remark`) VALUES (119, 1, '外协出库', '12', 'wms_shipment_type', NULL, 'default', 'N', '0', 1, '2022-10-20 13:34:26.000', NULL, NULL, NULL);
INSERT INTO `sys_dict_data` (`dict_code`, `dict_sort`, `dict_label`, `dict_value`, `dict_type`, `css_class`, `list_class`, `is_default`, `status`, `create_by`, `create_time`, `update_by`, `update_time`, `remark`) VALUES (120, 2, '调拨出库', '13', 'wms_shipment_type', NULL, 'default', 'N', '0', 1, '2022-10-20 13:34:42.000', 1, '2022-11-01 17:50:58.000', NULL);
INSERT INTO `sys_dict_data` (`dict_code`, `dict_sort`, `dict_label`, `dict_value`, `dict_type`, `css_class`, `list_class`, `is_default`, `status`, `create_by`, `create_time`, `update_by`, `update_time`, `remark`) VALUES (121, 0, '未发货', '11', 'wms_shipment_status', NULL, 'default', 'N', '0', 1, '2022-10-20 13:40:02.000', NULL, NULL, NULL);
INSERT INTO `sys_dict_data` (`dict_code`, `dict_sort`, `dict_label`, `dict_value`, `dict_type`, `css_class`, `list_class`, `is_default`, `status`, `create_by`, `create_time`, `update_by`, `update_time`, `remark`) VALUES (122, 1, '部分发货', '12', 'wms_shipment_status', NULL, 'default', 'N', '0', 1, '2022-10-20 13:40:26.000', NULL, NULL, NULL);
INSERT INTO `sys_dict_data` (`dict_code`, `dict_sort`, `dict_label`, `dict_value`, `dict_type`, `css_class`, `list_class`, `is_default`, `status`, `create_by`, `create_time`, `update_by`, `update_time`, `remark`) VALUES (123, 2, '已发货', '13', 'wms_shipment_status', NULL, 'default', 'N', '0', 1, '2022-10-20 13:40:44.000', NULL, NULL, NULL);
INSERT INTO `sys_dict_data` (`dict_code`, `dict_sort`, `dict_label`, `dict_value`, `dict_type`, `css_class`, `list_class`, `is_default`, `status`, `create_by`, `create_time`, `update_by`, `update_time`, `remark`) VALUES (124, 3, '作废', '14', 'wms_shipment_status', NULL, 'default', 'N', '0', 1, '2022-10-20 13:41:05.000', NULL, NULL, NULL);
INSERT INTO `sys_dict_data` (`dict_code`, `dict_sort`, `dict_label`, `dict_value`, `dict_type`, `css_class`, `list_class`, `is_default`, `status`, `create_by`, `create_time`, `update_by`, `update_time`, `remark`) VALUES (125, 0, '调拨出库', '21', 'wms_movement_type', NULL, 'default', 'N', '0', 1, '2022-10-20 14:23:13.000', 1, '2022-11-02 16:00:25.000', NULL);
INSERT INTO `sys_dict_data` (`dict_code`, `dict_sort`, `dict_label`, `dict_value`, `dict_type`, `css_class`, `list_class`, `is_default`, `status`, `create_by`, `create_time`, `update_by`, `update_time`, `remark`) VALUES (126, 0, '调拨入库', '22', 'wms_movement_type', NULL, 'default', 'N', '0', 1, '2022-10-20 14:23:24.000', 1, '2022-11-02 16:00:32.000', NULL);
INSERT INTO `sys_dict_data` (`dict_code`, `dict_sort`, `dict_label`, `dict_value`, `dict_type`, `css_class`, `list_class`, `is_default`, `status`, `create_by`, `create_time`, `update_by`, `update_time`, `remark`) VALUES (127, 0, '未操作', '21', 'wms_movement_status', NULL, 'default', 'N', '0', 1, '2022-10-20 14:25:46.000', 1, '2022-10-20 14:26:08.000', NULL);
INSERT INTO `sys_dict_data` (`dict_code`, `dict_sort`, `dict_label`, `dict_value`, `dict_type`, `css_class`, `list_class`, `is_default`, `status`, `create_by`, `create_time`, `update_by`, `update_time`, `remark`) VALUES (128, 1, '部分移动', '22', 'wms_movement_status', NULL, 'default', 'N', '0', 1, '2022-10-20 14:26:20.000', NULL, NULL, NULL);
INSERT INTO `sys_dict_data` (`dict_code`, `dict_sort`, `dict_label`, `dict_value`, `dict_type`, `css_class`, `list_class`, `is_default`, `status`, `create_by`, `create_time`, `update_by`, `update_time`, `remark`) VALUES (129, 2, '操作完毕', '23', 'wms_movement_status', NULL, 'default', 'N', '0', 1, '2022-10-20 14:26:35.000', 1, '2022-10-20 14:26:44.000', NULL);
INSERT INTO `sys_dict_data` (`dict_code`, `dict_sort`, `dict_label`, `dict_value`, `dict_type`, `css_class`, `list_class`, `is_default`, `status`, `create_by`, `create_time`, `update_by`, `update_time`, `remark`) VALUES (130, 3, '已作废', '24', 'wms_movement_status', NULL, 'default', 'N', '0', 1, '2022-10-20 14:27:03.000', NULL, NULL, NULL);
COMMIT;

-- ----------------------------
-- Table structure for sys_dict_type
-- ----------------------------
DROP TABLE IF EXISTS `sys_dict_type`;
CREATE TABLE `sys_dict_type` (
  `dict_id` bigint NOT NULL AUTO_INCREMENT COMMENT '字典主键',
  `dict_name` varchar(100) CHARACTER SET utf8mb4 COLLATE utf8mb4_general_ci DEFAULT '' COMMENT '字典名称',
  `dict_type` varchar(100) CHARACTER SET utf8mb4 COLLATE utf8mb4_general_ci DEFAULT '' COMMENT '字典类型',
  `status` char(1) CHARACTER SET utf8mb4 COLLATE utf8mb4_general_ci DEFAULT '0' COMMENT '状态（0正常 1停用）',
  `create_by` bigint DEFAULT NULL COMMENT '创建者',
  `create_time` datetime(3) DEFAULT NULL COMMENT '创建时间',
  `update_by` bigint DEFAULT NULL COMMENT '更新者',
  `update_time` datetime(3) DEFAULT NULL COMMENT '更新时间',
  `remark` varchar(500) CHARACTER SET utf8mb4 COLLATE utf8mb4_general_ci DEFAULT NULL COMMENT '备注',
  PRIMARY KEY (`dict_id`) USING BTREE,
  UNIQUE KEY `dict_type` (`dict_type`) USING BTREE
) ENGINE=InnoDB AUTO_INCREMENT=109 DEFAULT CHARSET=utf8mb4 COLLATE=utf8mb4_general_ci ROW_FORMAT=DYNAMIC COMMENT='字典类型表';

-- ----------------------------
-- Records of sys_dict_type
-- ----------------------------
BEGIN;
INSERT INTO `sys_dict_type` (`dict_id`, `dict_name`, `dict_type`, `status`, `create_by`, `create_time`, `update_by`, `update_time`, `remark`) VALUES (1, '用户性别', 'sys_user_sex', '0', 1, '2022-06-17 17:20:27.000', NULL, NULL, '用户性别列表');
INSERT INTO `sys_dict_type` (`dict_id`, `dict_name`, `dict_type`, `status`, `create_by`, `create_time`, `update_by`, `update_time`, `remark`) VALUES (2, '菜单状态', 'sys_show_hide', '0', 1, '2022-06-17 17:20:27.000', NULL, NULL, '菜单状态列表');
INSERT INTO `sys_dict_type` (`dict_id`, `dict_name`, `dict_type`, `status`, `create_by`, `create_time`, `update_by`, `update_time`, `remark`) VALUES (3, '系统开关', 'sys_normal_disable', '0', 1, '2022-06-17 17:20:27.000', NULL, NULL, '系统开关列表');
INSERT INTO `sys_dict_type` (`dict_id`, `dict_name`, `dict_type`, `status`, `create_by`, `create_time`, `update_by`, `update_time`, `remark`) VALUES (4, '任务状态', 'sys_job_status', '0', 1, '2022-06-17 17:20:28.000', NULL, NULL, '任务状态列表');
INSERT INTO `sys_dict_type` (`dict_id`, `dict_name`, `dict_type`, `status`, `create_by`, `create_time`, `update_by`, `update_time`, `remark`) VALUES (5, '任务分组', 'sys_job_group', '0', 1, '2022-06-17 17:20:28.000', NULL, NULL, '任务分组列表');
INSERT INTO `sys_dict_type` (`dict_id`, `dict_name`, `dict_type`, `status`, `create_by`, `create_time`, `update_by`, `update_time`, `remark`) VALUES (6, '系统是否', 'sys_yes_no', '0', 1, '2022-06-17 17:20:28.000', NULL, NULL, '系统是否列表');
INSERT INTO `sys_dict_type` (`dict_id`, `dict_name`, `dict_type`, `status`, `create_by`, `create_time`, `update_by`, `update_time`, `remark`) VALUES (7, '通知类型', 'sys_notice_type', '0', 1, '2022-06-17 17:20:28.000', NULL, NULL, '通知类型列表');
INSERT INTO `sys_dict_type` (`dict_id`, `dict_name`, `dict_type`, `status`, `create_by`, `create_time`, `update_by`, `update_time`, `remark`) VALUES (8, '通知状态', 'sys_notice_status', '0', 1, '2022-06-17 17:20:28.000', NULL, NULL, '通知状态列表');
INSERT INTO `sys_dict_type` (`dict_id`, `dict_name`, `dict_type`, `status`, `create_by`, `create_time`, `update_by`, `update_time`, `remark`) VALUES (9, '操作类型', 'sys_oper_type', '0', 1, '2022-06-17 17:20:28.000', NULL, NULL, '操作类型列表');
INSERT INTO `sys_dict_type` (`dict_id`, `dict_name`, `dict_type`, `status`, `create_by`, `create_time`, `update_by`, `update_time`, `remark`) VALUES (10, '系统状态', 'sys_common_status', '0', 1, '2022-06-17 17:20:28.000', NULL, NULL, '登录状态列表');
INSERT INTO `sys_dict_type` (`dict_id`, `dict_name`, `dict_type`, `status`, `create_by`, `create_time`, `update_by`, `update_time`, `remark`) VALUES (100, '物料分类', 'wms_item_type', '0', 1, '2022-08-18 15:47:49.000', NULL, NULL, NULL);
INSERT INTO `sys_dict_type` (`dict_id`, `dict_name`, `dict_type`, `status`, `create_by`, `create_time`, `update_by`, `update_time`, `remark`) VALUES (101, '承运商级别', 'wms_carrier_level', '0', 1, '2022-08-18 17:50:40.000', NULL, NULL, NULL);
INSERT INTO `sys_dict_type` (`dict_id`, `dict_name`, `dict_type`, `status`, `create_by`, `create_time`, `update_by`, `update_time`, `remark`) VALUES (102, '供应商级别', 'wms_supplier_level', '0', 1, '2022-08-18 18:05:02.000', NULL, NULL, NULL);
INSERT INTO `sys_dict_type` (`dict_id`, `dict_name`, `dict_type`, `status`, `create_by`, `create_time`, `update_by`, `update_time`, `remark`) VALUES (103, '入库类型', 'wms_receipt_type', '0', 1, '2022-08-21 15:03:58.000', NULL, NULL, NULL);
INSERT INTO `sys_dict_type` (`dict_id`, `dict_name`, `dict_type`, `status`, `create_by`, `create_time`, `update_by`, `update_time`, `remark`) VALUES (104, '入库状态', 'wms_receipt_status', '0', 1, '2022-08-29 17:18:35.000', NULL, NULL, NULL);
INSERT INTO `sys_dict_type` (`dict_id`, `dict_name`, `dict_type`, `status`, `create_by`, `create_time`, `update_by`, `update_time`, `remark`) VALUES (105, '出库类型', 'wms_shipment_type', '0', 1, '2022-10-20 13:33:29.000', NULL, NULL, NULL);
INSERT INTO `sys_dict_type` (`dict_id`, `dict_name`, `dict_type`, `status`, `create_by`, `create_time`, `update_by`, `update_time`, `remark`) VALUES (106, '出库状态', 'wms_shipment_status', '0', 1, '2022-10-20 13:39:41.000', NULL, NULL, NULL);
INSERT INTO `sys_dict_type` (`dict_id`, `dict_name`, `dict_type`, `status`, `create_by`, `create_time`, `update_by`, `update_time`, `remark`) VALUES (107, '移库类型', 'wms_movement_type', '0', 1, '2022-10-20 14:22:52.000', NULL, NULL, NULL);
INSERT INTO `sys_dict_type` (`dict_id`, `dict_name`, `dict_type`, `status`, `create_by`, `create_time`, `update_by`, `update_time`, `remark`) VALUES (108, '移库状态', 'wms_movement_status', '0', 1, '2022-10-20 14:24:43.000', 1, '2022-10-20 14:24:55.000', NULL);
COMMIT;

-- ----------------------------
-- Table structure for sys_job
-- ----------------------------
DROP TABLE IF EXISTS `sys_job`;
CREATE TABLE `sys_job` (
  `job_id` bigint NOT NULL AUTO_INCREMENT COMMENT '任务ID',
  `job_name` varchar(64) CHARACTER SET utf8mb4 COLLATE utf8mb4_general_ci NOT NULL DEFAULT '' COMMENT '任务名称',
  `job_group` varchar(64) CHARACTER SET utf8mb4 COLLATE utf8mb4_general_ci NOT NULL DEFAULT 'DEFAULT' COMMENT '任务组名',
  `invoke_target` varchar(500) CHARACTER SET utf8mb4 COLLATE utf8mb4_general_ci NOT NULL COMMENT '调用目标字符串',
  `cron_expression` varchar(255) CHARACTER SET utf8mb4 COLLATE utf8mb4_general_ci DEFAULT '' COMMENT 'cron执行表达式',
  `misfire_policy` varchar(20) CHARACTER SET utf8mb4 COLLATE utf8mb4_general_ci DEFAULT '3' COMMENT '计划执行错误策略（1立即执行 2执行一次 3放弃执行）',
  `concurrent` char(1) CHARACTER SET utf8mb4 COLLATE utf8mb4_general_ci DEFAULT '1' COMMENT '是否并发执行（0允许 1禁止）',
  `status` char(1) CHARACTER SET utf8mb4 COLLATE utf8mb4_general_ci DEFAULT '0' COMMENT '状态（0正常 1暂停）',
  `create_by` bigint DEFAULT NULL COMMENT '创建者',
  `create_time` datetime(3) DEFAULT NULL COMMENT '创建时间',
  `update_by` bigint DEFAULT NULL COMMENT '更新者',
  `update_time` datetime(3) DEFAULT NULL COMMENT '更新时间',
  `remark` varchar(500) CHARACTER SET utf8mb4 COLLATE utf8mb4_general_ci DEFAULT '' COMMENT '备注信息',
  PRIMARY KEY (`job_id`,`job_name`,`job_group`) USING BTREE
) ENGINE=InnoDB AUTO_INCREMENT=100 DEFAULT CHARSET=utf8mb4 COLLATE=utf8mb4_general_ci ROW_FORMAT=DYNAMIC COMMENT='定时任务调度表';

-- ----------------------------
-- Records of sys_job
-- ----------------------------
BEGIN;
INSERT INTO `sys_job` (`job_id`, `job_name`, `job_group`, `invoke_target`, `cron_expression`, `misfire_policy`, `concurrent`, `status`, `create_by`, `create_time`, `update_by`, `update_time`, `remark`) VALUES (1, '系统默认（无参）', 'DEFAULT', 'ryTask.ryNoParams', '0/10 * * * * ?', '3', '1', '1', 1, '2022-06-17 17:20:29.000', NULL, NULL, '');
INSERT INTO `sys_job` (`job_id`, `job_name`, `job_group`, `invoke_target`, `cron_expression`, `misfire_policy`, `concurrent`, `status`, `create_by`, `create_time`, `update_by`, `update_time`, `remark`) VALUES (2, '系统默认（有参）', 'DEFAULT', 'ryTask.ryParams(\'ry\')', '0/15 * * * * ?', '3', '1', '1', 1, '2022-06-17 17:20:29.000', NULL, NULL, '');
INSERT INTO `sys_job` (`job_id`, `job_name`, `job_group`, `invoke_target`, `cron_expression`, `misfire_policy`, `concurrent`, `status`, `create_by`, `create_time`, `update_by`, `update_time`, `remark`) VALUES (3, '系统默认（多参）', 'DEFAULT', 'ryTask.ryMultipleParams(\'ry\', true, 2000L, 316.50D, 100)', '0/20 * * * * ?', '3', '1', '1', 1, '2022-06-17 17:20:29.000', NULL, NULL, '');
COMMIT;

-- ----------------------------
-- Table structure for sys_job_log
-- ----------------------------
DROP TABLE IF EXISTS `sys_job_log`;
CREATE TABLE `sys_job_log` (
  `job_log_id` bigint NOT NULL AUTO_INCREMENT COMMENT '任务日志ID',
  `job_name` varchar(64) CHARACTER SET utf8mb4 COLLATE utf8mb4_general_ci NOT NULL COMMENT '任务名称',
  `job_group` varchar(64) CHARACTER SET utf8mb4 COLLATE utf8mb4_general_ci NOT NULL COMMENT '任务组名',
  `invoke_target` varchar(500) CHARACTER SET utf8mb4 COLLATE utf8mb4_general_ci NOT NULL COMMENT '调用目标字符串',
  `job_message` varchar(500) CHARACTER SET utf8mb4 COLLATE utf8mb4_general_ci DEFAULT NULL COMMENT '日志信息',
  `status` char(1) CHARACTER SET utf8mb4 COLLATE utf8mb4_general_ci DEFAULT '0' COMMENT '执行状态（0正常 1失败）',
  `exception_info` varchar(2000) CHARACTER SET utf8mb4 COLLATE utf8mb4_general_ci DEFAULT '' COMMENT '异常信息',
  `create_time` datetime DEFAULT NULL COMMENT '创建时间',
  PRIMARY KEY (`job_log_id`) USING BTREE
) ENGINE=InnoDB DEFAULT CHARSET=utf8mb4 COLLATE=utf8mb4_general_ci ROW_FORMAT=DYNAMIC COMMENT='定时任务调度日志表';

-- ----------------------------
-- Records of sys_job_log
-- ----------------------------
BEGIN;
COMMIT;

-- ----------------------------
-- Table structure for sys_logininfor
-- ----------------------------
DROP TABLE IF EXISTS `sys_logininfor`;
CREATE TABLE `sys_logininfor` (
  `info_id` bigint NOT NULL AUTO_INCREMENT COMMENT '访问ID',
  `user_name` varchar(50) CHARACTER SET utf8mb4 COLLATE utf8mb4_general_ci DEFAULT '' COMMENT '用户账号',
  `ipaddr` varchar(128) CHARACTER SET utf8mb4 COLLATE utf8mb4_general_ci DEFAULT '' COMMENT '登录IP地址',
  `login_location` varchar(255) CHARACTER SET utf8mb4 COLLATE utf8mb4_general_ci DEFAULT '' COMMENT '登录地点',
  `browser` varchar(50) CHARACTER SET utf8mb4 COLLATE utf8mb4_general_ci DEFAULT '' COMMENT '浏览器类型',
  `os` varchar(50) CHARACTER SET utf8mb4 COLLATE utf8mb4_general_ci DEFAULT '' COMMENT '操作系统',
  `status` char(1) CHARACTER SET utf8mb4 COLLATE utf8mb4_general_ci DEFAULT '0' COMMENT '登录状态（0成功 1失败）',
  `msg` varchar(255) CHARACTER SET utf8mb4 COLLATE utf8mb4_general_ci DEFAULT '' COMMENT '提示消息',
  `login_time` datetime DEFAULT NULL COMMENT '访问时间',
  PRIMARY KEY (`info_id`) USING BTREE
) ENGINE=InnoDB DEFAULT CHARSET=utf8mb4 COLLATE=utf8mb4_general_ci ROW_FORMAT=DYNAMIC COMMENT='系统访问记录';

-- ----------------------------
-- Records of sys_logininfor
-- ----------------------------
BEGIN;
COMMIT;

-- ----------------------------
-- Table structure for sys_menu
-- ----------------------------
DROP TABLE IF EXISTS `sys_menu`;
CREATE TABLE `sys_menu` (
  `menu_id` bigint NOT NULL AUTO_INCREMENT COMMENT '菜单ID',
  `menu_name` varchar(50) CHARACTER SET utf8mb4 COLLATE utf8mb4_general_ci NOT NULL COMMENT '菜单名称',
  `parent_id` bigint DEFAULT '0' COMMENT '父菜单ID',
  `order_num` int DEFAULT '0' COMMENT '显示顺序',
  `path` varchar(200) CHARACTER SET utf8mb4 COLLATE utf8mb4_general_ci DEFAULT '' COMMENT '路由地址',
  `component` varchar(255) CHARACTER SET utf8mb4 COLLATE utf8mb4_general_ci DEFAULT NULL COMMENT '组件路径',
  `query` varchar(255) CHARACTER SET utf8mb4 COLLATE utf8mb4_general_ci DEFAULT NULL COMMENT '路由参数',
  `is_frame` int DEFAULT '1' COMMENT '是否为外链（0是 1否）',
  `is_cache` int DEFAULT '0' COMMENT '是否缓存（0缓存 1不缓存）',
  `menu_type` char(1) CHARACTER SET utf8mb4 COLLATE utf8mb4_general_ci DEFAULT '' COMMENT '菜单类型（M目录 C菜单 F按钮）',
  `visible` char(1) CHARACTER SET utf8mb4 COLLATE utf8mb4_general_ci DEFAULT '0' COMMENT '菜单状态（0显示 1隐藏）',
  `status` char(1) CHARACTER SET utf8mb4 COLLATE utf8mb4_general_ci DEFAULT '0' COMMENT '菜单状态（0正常 1停用）',
  `perms` varchar(100) CHARACTER SET utf8mb4 COLLATE utf8mb4_general_ci DEFAULT NULL COMMENT '权限标识',
  `icon` varchar(100) CHARACTER SET utf8mb4 COLLATE utf8mb4_general_ci DEFAULT '#' COMMENT '菜单图标',
  `create_by` bigint DEFAULT NULL COMMENT '创建者',
  `create_time` datetime(3) DEFAULT NULL COMMENT '创建时间',
  `update_by` bigint DEFAULT NULL COMMENT '更新者',
  `update_time` datetime(3) DEFAULT NULL COMMENT '更新时间',
  `remark` varchar(500) CHARACTER SET utf8mb4 COLLATE utf8mb4_general_ci DEFAULT '' COMMENT '备注',
  PRIMARY KEY (`menu_id`) USING BTREE
) ENGINE=InnoDB AUTO_INCREMENT=2201 DEFAULT CHARSET=utf8mb4 COLLATE=utf8mb4_general_ci ROW_FORMAT=DYNAMIC COMMENT='菜单权限表';

-- ----------------------------
-- Records of sys_menu
-- ----------------------------
BEGIN;
INSERT INTO `sys_menu` (`menu_id`, `menu_name`, `parent_id`, `order_num`, `path`, `component`, `query`, `is_frame`, `is_cache`, `menu_type`, `visible`, `status`, `perms`, `icon`, `create_by`, `create_time`, `update_by`, `update_time`, `remark`) VALUES (1, '系统管理', 0, 300, 'system', NULL, '', 1, 0, 'M', '0', '0', '', 'system', 1, '2022-06-17 17:20:20.000', 1, '2022-10-31 09:09:13.000', '系统管理目录');
INSERT INTO `sys_menu` (`menu_id`, `menu_name`, `parent_id`, `order_num`, `path`, `component`, `query`, `is_frame`, `is_cache`, `menu_type`, `visible`, `status`, `perms`, `icon`, `create_by`, `create_time`, `update_by`, `update_time`, `remark`) VALUES (2, '系统监控', 0, 200, 'monitor', NULL, '', 1, 0, 'M', '0', '0', '', 'monitor', 1, '2022-06-17 17:20:20.000', 1, '2022-10-31 09:09:02.000', '系统监控目录');
INSERT INTO `sys_menu` (`menu_id`, `menu_name`, `parent_id`, `order_num`, `path`, `component`, `query`, `is_frame`, `is_cache`, `menu_type`, `visible`, `status`, `perms`, `icon`, `create_by`, `create_time`, `update_by`, `update_time`, `remark`) VALUES (3, '系统工具', 0, 100, 'tool', NULL, '', 1, 0, 'M', '0', '0', '', 'tool', 1, '2022-06-17 17:20:20.000', 1, '2022-10-31 09:08:48.000', '系统工具目录');
INSERT INTO `sys_menu` (`menu_id`, `menu_name`, `parent_id`, `order_num`, `path`, `component`, `query`, `is_frame`, `is_cache`, `menu_type`, `visible`, `status`, `perms`, `icon`, `create_by`, `create_time`, `update_by`, `update_time`, `remark`) VALUES (100, '用户管理', 1, 1, 'user', 'system/user/index', '', 1, 0, 'C', '0', '0', 'system:user:list', 'user', 1, '2022-06-17 17:20:20.000', NULL, NULL, '用户管理菜单');
INSERT INTO `sys_menu` (`menu_id`, `menu_name`, `parent_id`, `order_num`, `path`, `component`, `query`, `is_frame`, `is_cache`, `menu_type`, `visible`, `status`, `perms`, `icon`, `create_by`, `create_time`, `update_by`, `update_time`, `remark`) VALUES (101, '角色管理', 1, 2, 'role', 'system/role/index', '', 1, 0, 'C', '0', '0', 'system:role:list', 'peoples', 1, '2022-06-17 17:20:20.000', NULL, NULL, '角色管理菜单');
INSERT INTO `sys_menu` (`menu_id`, `menu_name`, `parent_id`, `order_num`, `path`, `component`, `query`, `is_frame`, `is_cache`, `menu_type`, `visible`, `status`, `perms`, `icon`, `create_by`, `create_time`, `update_by`, `update_time`, `remark`) VALUES (102, '菜单管理', 1, 3, 'menu', 'system/menu/index', '', 1, 0, 'C', '0', '0', 'system:menu:list', 'tree-table', 1, '2022-06-17 17:20:20.000', NULL, NULL, '菜单管理菜单');
INSERT INTO `sys_menu` (`menu_id`, `menu_name`, `parent_id`, `order_num`, `path`, `component`, `query`, `is_frame`, `is_cache`, `menu_type`, `visible`, `status`, `perms`, `icon`, `create_by`, `create_time`, `update_by`, `update_time`, `remark`) VALUES (103, '部门管理', 1, 4, 'dept', 'system/dept/index', '', 1, 0, 'C', '0', '0', 'system:dept:list', 'tree', 1, '2022-06-17 17:20:20.000', NULL, NULL, '部门管理菜单');
INSERT INTO `sys_menu` (`menu_id`, `menu_name`, `parent_id`, `order_num`, `path`, `component`, `query`, `is_frame`, `is_cache`, `menu_type`, `visible`, `status`, `perms`, `icon`, `create_by`, `create_time`, `update_by`, `update_time`, `remark`) VALUES (104, '岗位管理', 1, 5, 'post', 'system/post/index', '', 1, 0, 'C', '0', '0', 'system:post:list', 'post', 1, '2022-06-17 17:20:20.000', NULL, NULL, '岗位管理菜单');
INSERT INTO `sys_menu` (`menu_id`, `menu_name`, `parent_id`, `order_num`, `path`, `component`, `query`, `is_frame`, `is_cache`, `menu_type`, `visible`, `status`, `perms`, `icon`, `create_by`, `create_time`, `update_by`, `update_time`, `remark`) VALUES (105, '字典管理', 1, 6, 'dict', 'system/dict/index', '', 1, 0, 'C', '0', '0', 'system:dict:list', 'dict', 1, '2022-06-17 17:20:20.000', NULL, NULL, '字典管理菜单');
INSERT INTO `sys_menu` (`menu_id`, `menu_name`, `parent_id`, `order_num`, `path`, `component`, `query`, `is_frame`, `is_cache`, `menu_type`, `visible`, `status`, `perms`, `icon`, `create_by`, `create_time`, `update_by`, `update_time`, `remark`) VALUES (106, '参数设置', 1, 7, 'config', 'system/config/index', '', 1, 0, 'C', '0', '0', 'system:config:list', 'edit', 1, '2022-06-17 17:20:20.000', NULL, NULL, '参数设置菜单');
INSERT INTO `sys_menu` (`menu_id`, `menu_name`, `parent_id`, `order_num`, `path`, `component`, `query`, `is_frame`, `is_cache`, `menu_type`, `visible`, `status`, `perms`, `icon`, `create_by`, `create_time`, `update_by`, `update_time`, `remark`) VALUES (107, '通知公告', 1, 8, 'notice', 'system/notice/index', '', 1, 0, 'C', '0', '0', 'system:notice:list', 'message', 1, '2022-06-17 17:20:20.000', NULL, NULL, '通知公告菜单');
INSERT INTO `sys_menu` (`menu_id`, `menu_name`, `parent_id`, `order_num`, `path`, `component`, `query`, `is_frame`, `is_cache`, `menu_type`, `visible`, `status`, `perms`, `icon`, `create_by`, `create_time`, `update_by`, `update_time`, `remark`) VALUES (108, '日志管理', 1, 9, 'log', '', '', 1, 0, 'M', '0', '0', '', 'log', 1, '2022-06-17 17:20:20.000', NULL, NULL, '日志管理菜单');
INSERT INTO `sys_menu` (`menu_id`, `menu_name`, `parent_id`, `order_num`, `path`, `component`, `query`, `is_frame`, `is_cache`, `menu_type`, `visible`, `status`, `perms`, `icon`, `create_by`, `create_time`, `update_by`, `update_time`, `remark`) VALUES (109, '在线用户', 2, 1, 'online', 'monitor/online/index', '', 1, 0, 'C', '0', '0', 'monitor:online:list', 'online', 1, '2022-06-17 17:20:20.000', NULL, NULL, '在线用户菜单');
INSERT INTO `sys_menu` (`menu_id`, `menu_name`, `parent_id`, `order_num`, `path`, `component`, `query`, `is_frame`, `is_cache`, `menu_type`, `visible`, `status`, `perms`, `icon`, `create_by`, `create_time`, `update_by`, `update_time`, `remark`) VALUES (110, '定时任务', 2, 2, 'job', 'monitor/job/index', '', 1, 0, 'C', '1', '0', 'monitor:job:list', 'job', 1, '2022-06-17 17:20:20.000', 1, '2023-03-06 07:09:04.000', '定时任务菜单');
INSERT INTO `sys_menu` (`menu_id`, `menu_name`, `parent_id`, `order_num`, `path`, `component`, `query`, `is_frame`, `is_cache`, `menu_type`, `visible`, `status`, `perms`, `icon`, `create_by`, `create_time`, `update_by`, `update_time`, `remark`) VALUES (111, '数据监控', 2, 3, 'druid', 'monitor/druid/index', '', 1, 0, 'C', '0', '0', 'monitor:druid:list', 'druid', 1, '2022-06-17 17:20:20.000', NULL, NULL, '数据监控菜单');
INSERT INTO `sys_menu` (`menu_id`, `menu_name`, `parent_id`, `order_num`, `path`, `component`, `query`, `is_frame`, `is_cache`, `menu_type`, `visible`, `status`, `perms`, `icon`, `create_by`, `create_time`, `update_by`, `update_time`, `remark`) VALUES (112, '服务监控', 2, 4, 'server', 'monitor/server/index', '', 1, 0, 'C', '0', '0', 'monitor:server:list', 'server', 1, '2022-06-17 17:20:20.000', NULL, NULL, '服务监控菜单');
INSERT INTO `sys_menu` (`menu_id`, `menu_name`, `parent_id`, `order_num`, `path`, `component`, `query`, `is_frame`, `is_cache`, `menu_type`, `visible`, `status`, `perms`, `icon`, `create_by`, `create_time`, `update_by`, `update_time`, `remark`) VALUES (113, '缓存监控', 2, 5, 'cache', 'monitor/cache/index', '', 1, 0, 'C', '0', '0', 'monitor:cache:list', 'redis', 1, '2022-06-17 17:20:20.000', NULL, NULL, '缓存监控菜单');
INSERT INTO `sys_menu` (`menu_id`, `menu_name`, `parent_id`, `order_num`, `path`, `component`, `query`, `is_frame`, `is_cache`, `menu_type`, `visible`, `status`, `perms`, `icon`, `create_by`, `create_time`, `update_by`, `update_time`, `remark`) VALUES (114, '表单构建', 3, 1, 'build', 'tool/build/index', '', 1, 0, 'C', '1', '0', 'tool:build:list', 'build', 1, '2022-06-17 17:20:21.000', 1, '2023-03-03 14:04:46.000', '表单构建菜单');
INSERT INTO `sys_menu` (`menu_id`, `menu_name`, `parent_id`, `order_num`, `path`, `component`, `query`, `is_frame`, `is_cache`, `menu_type`, `visible`, `status`, `perms`, `icon`, `create_by`, `create_time`, `update_by`, `update_time`, `remark`) VALUES (115, '代码生成', 3, 2, 'gen', 'tool/gen/index', '', 1, 1, 'C', '0', '0', 'tool:gen:list', 'code', 1, '2022-06-17 17:20:21.000', 1, '2023-03-14 02:59:15.000', '代码生成菜单');
INSERT INTO `sys_menu` (`menu_id`, `menu_name`, `parent_id`, `order_num`, `path`, `component`, `query`, `is_frame`, `is_cache`, `menu_type`, `visible`, `status`, `perms`, `icon`, `create_by`, `create_time`, `update_by`, `update_time`, `remark`) VALUES (116, '系统接口', 3, 3, 'swagger', 'tool/swagger/index', '', 1, 0, 'C', '0', '0', 'tool:swagger:list', 'swagger', 1, '2022-06-17 17:20:21.000', NULL, NULL, '系统接口菜单');
INSERT INTO `sys_menu` (`menu_id`, `menu_name`, `parent_id`, `order_num`, `path`, `component`, `query`, `is_frame`, `is_cache`, `menu_type`, `visible`, `status`, `perms`, `icon`, `create_by`, `create_time`, `update_by`, `update_time`, `remark`) VALUES (500, '操作日志', 108, 1, 'operlog', 'monitor/operlog/index', '', 1, 0, 'C', '0', '0', 'monitor:operlog:list', 'form', 1, '2022-06-17 17:20:21.000', NULL, NULL, '操作日志菜单');
INSERT INTO `sys_menu` (`menu_id`, `menu_name`, `parent_id`, `order_num`, `path`, `component`, `query`, `is_frame`, `is_cache`, `menu_type`, `visible`, `status`, `perms`, `icon`, `create_by`, `create_time`, `update_by`, `update_time`, `remark`) VALUES (501, '登录日志', 108, 2, 'logininfor', 'monitor/logininfor/index', '', 1, 0, 'C', '0', '0', 'monitor:logininfor:list', 'logininfor', 1, '2022-06-17 17:20:21.000', NULL, NULL, '登录日志菜单');
INSERT INTO `sys_menu` (`menu_id`, `menu_name`, `parent_id`, `order_num`, `path`, `component`, `query`, `is_frame`, `is_cache`, `menu_type`, `visible`, `status`, `perms`, `icon`, `create_by`, `create_time`, `update_by`, `update_time`, `remark`) VALUES (1001, '用户查询', 100, 1, '', '', '', 1, 0, 'F', '0', '0', 'system:user:query', '#', 1, '2022-06-17 17:20:21.000', NULL, NULL, '');
INSERT INTO `sys_menu` (`menu_id`, `menu_name`, `parent_id`, `order_num`, `path`, `component`, `query`, `is_frame`, `is_cache`, `menu_type`, `visible`, `status`, `perms`, `icon`, `create_by`, `create_time`, `update_by`, `update_time`, `remark`) VALUES (1002, '用户新增', 100, 2, '', '', '', 1, 0, 'F', '0', '0', 'system:user:add', '#', 1, '2022-06-17 17:20:21.000', NULL, NULL, '');
INSERT INTO `sys_menu` (`menu_id`, `menu_name`, `parent_id`, `order_num`, `path`, `component`, `query`, `is_frame`, `is_cache`, `menu_type`, `visible`, `status`, `perms`, `icon`, `create_by`, `create_time`, `update_by`, `update_time`, `remark`) VALUES (1003, '用户修改', 100, 3, '', '', '', 1, 0, 'F', '0', '0', 'system:user:edit', '#', 1, '2022-06-17 17:20:21.000', NULL, NULL, '');
INSERT INTO `sys_menu` (`menu_id`, `menu_name`, `parent_id`, `order_num`, `path`, `component`, `query`, `is_frame`, `is_cache`, `menu_type`, `visible`, `status`, `perms`, `icon`, `create_by`, `create_time`, `update_by`, `update_time`, `remark`) VALUES (1004, '用户删除', 100, 4, '', '', '', 1, 0, 'F', '0', '0', 'system:user:remove', '#', 1, '2022-06-17 17:20:21.000', NULL, NULL, '');
INSERT INTO `sys_menu` (`menu_id`, `menu_name`, `parent_id`, `order_num`, `path`, `component`, `query`, `is_frame`, `is_cache`, `menu_type`, `visible`, `status`, `perms`, `icon`, `create_by`, `create_time`, `update_by`, `update_time`, `remark`) VALUES (1005, '用户导出', 100, 5, '', '', '', 1, 0, 'F', '0', '0', 'system:user:export', '#', 1, '2022-06-17 17:20:21.000', NULL, NULL, '');
INSERT INTO `sys_menu` (`menu_id`, `menu_name`, `parent_id`, `order_num`, `path`, `component`, `query`, `is_frame`, `is_cache`, `menu_type`, `visible`, `status`, `perms`, `icon`, `create_by`, `create_time`, `update_by`, `update_time`, `remark`) VALUES (1006, '用户导入', 100, 6, '', '', '', 1, 0, 'F', '0', '0', 'system:user:import', '#', 1, '2022-06-17 17:20:21.000', NULL, NULL, '');
INSERT INTO `sys_menu` (`menu_id`, `menu_name`, `parent_id`, `order_num`, `path`, `component`, `query`, `is_frame`, `is_cache`, `menu_type`, `visible`, `status`, `perms`, `icon`, `create_by`, `create_time`, `update_by`, `update_time`, `remark`) VALUES (1007, '重置密码', 100, 7, '', '', '', 1, 0, 'F', '0', '0', 'system:user:resetPwd', '#', 1, '2022-06-17 17:20:21.000', NULL, NULL, '');
INSERT INTO `sys_menu` (`menu_id`, `menu_name`, `parent_id`, `order_num`, `path`, `component`, `query`, `is_frame`, `is_cache`, `menu_type`, `visible`, `status`, `perms`, `icon`, `create_by`, `create_time`, `update_by`, `update_time`, `remark`) VALUES (1008, '角色查询', 101, 1, '', '', '', 1, 0, 'F', '0', '0', 'system:role:query', '#', 1, '2022-06-17 17:20:21.000', NULL, NULL, '');
INSERT INTO `sys_menu` (`menu_id`, `menu_name`, `parent_id`, `order_num`, `path`, `component`, `query`, `is_frame`, `is_cache`, `menu_type`, `visible`, `status`, `perms`, `icon`, `create_by`, `create_time`, `update_by`, `update_time`, `remark`) VALUES (1009, '角色新增', 101, 2, '', '', '', 1, 0, 'F', '0', '0', 'system:role:add', '#', 1, '2022-06-17 17:20:21.000', NULL, NULL, '');
INSERT INTO `sys_menu` (`menu_id`, `menu_name`, `parent_id`, `order_num`, `path`, `component`, `query`, `is_frame`, `is_cache`, `menu_type`, `visible`, `status`, `perms`, `icon`, `create_by`, `create_time`, `update_by`, `update_time`, `remark`) VALUES (1010, '角色修改', 101, 3, '', '', '', 1, 0, 'F', '0', '0', 'system:role:edit', '#', 1, '2022-06-17 17:20:21.000', NULL, NULL, '');
INSERT INTO `sys_menu` (`menu_id`, `menu_name`, `parent_id`, `order_num`, `path`, `component`, `query`, `is_frame`, `is_cache`, `menu_type`, `visible`, `status`, `perms`, `icon`, `create_by`, `create_time`, `update_by`, `update_time`, `remark`) VALUES (1011, '角色删除', 101, 4, '', '', '', 1, 0, 'F', '0', '0', 'system:role:remove', '#', 1, '2022-06-17 17:20:21.000', NULL, NULL, '');
INSERT INTO `sys_menu` (`menu_id`, `menu_name`, `parent_id`, `order_num`, `path`, `component`, `query`, `is_frame`, `is_cache`, `menu_type`, `visible`, `status`, `perms`, `icon`, `create_by`, `create_time`, `update_by`, `update_time`, `remark`) VALUES (1012, '角色导出', 101, 5, '', '', '', 1, 0, 'F', '0', '0', 'system:role:export', '#', 1, '2022-06-17 17:20:21.000', NULL, NULL, '');
INSERT INTO `sys_menu` (`menu_id`, `menu_name`, `parent_id`, `order_num`, `path`, `component`, `query`, `is_frame`, `is_cache`, `menu_type`, `visible`, `status`, `perms`, `icon`, `create_by`, `create_time`, `update_by`, `update_time`, `remark`) VALUES (1013, '菜单查询', 102, 1, '', '', '', 1, 0, 'F', '0', '0', 'system:menu:query', '#', 1, '2022-06-17 17:20:21.000', NULL, NULL, '');
INSERT INTO `sys_menu` (`menu_id`, `menu_name`, `parent_id`, `order_num`, `path`, `component`, `query`, `is_frame`, `is_cache`, `menu_type`, `visible`, `status`, `perms`, `icon`, `create_by`, `create_time`, `update_by`, `update_time`, `remark`) VALUES (1014, '菜单新增', 102, 2, '', '', '', 1, 0, 'F', '0', '0', 'system:menu:add', '#', 1, '2022-06-17 17:20:21.000', NULL, NULL, '');
INSERT INTO `sys_menu` (`menu_id`, `menu_name`, `parent_id`, `order_num`, `path`, `component`, `query`, `is_frame`, `is_cache`, `menu_type`, `visible`, `status`, `perms`, `icon`, `create_by`, `create_time`, `update_by`, `update_time`, `remark`) VALUES (1015, '菜单修改', 102, 3, '', '', '', 1, 0, 'F', '0', '0', 'system:menu:edit', '#', 1, '2022-06-17 17:20:21.000', NULL, NULL, '');
INSERT INTO `sys_menu` (`menu_id`, `menu_name`, `parent_id`, `order_num`, `path`, `component`, `query`, `is_frame`, `is_cache`, `menu_type`, `visible`, `status`, `perms`, `icon`, `create_by`, `create_time`, `update_by`, `update_time`, `remark`) VALUES (1016, '菜单删除', 102, 4, '', '', '', 1, 0, 'F', '0', '0', 'system:menu:remove', '#', 1, '2022-06-17 17:20:21.000', NULL, NULL, '');
INSERT INTO `sys_menu` (`menu_id`, `menu_name`, `parent_id`, `order_num`, `path`, `component`, `query`, `is_frame`, `is_cache`, `menu_type`, `visible`, `status`, `perms`, `icon`, `create_by`, `create_time`, `update_by`, `update_time`, `remark`) VALUES (1017, '部门查询', 103, 1, '', '', '', 1, 0, 'F', '0', '0', 'system:dept:query', '#', 1, '2022-06-17 17:20:21.000', NULL, NULL, '');
INSERT INTO `sys_menu` (`menu_id`, `menu_name`, `parent_id`, `order_num`, `path`, `component`, `query`, `is_frame`, `is_cache`, `menu_type`, `visible`, `status`, `perms`, `icon`, `create_by`, `create_time`, `update_by`, `update_time`, `remark`) VALUES (1018, '部门新增', 103, 2, '', '', '', 1, 0, 'F', '0', '0', 'system:dept:add', '#', 1, '2022-06-17 17:20:22.000', NULL, NULL, '');
INSERT INTO `sys_menu` (`menu_id`, `menu_name`, `parent_id`, `order_num`, `path`, `component`, `query`, `is_frame`, `is_cache`, `menu_type`, `visible`, `status`, `perms`, `icon`, `create_by`, `create_time`, `update_by`, `update_time`, `remark`) VALUES (1019, '部门修改', 103, 3, '', '', '', 1, 0, 'F', '0', '0', 'system:dept:edit', '#', 1, '2022-06-17 17:20:22.000', NULL, NULL, '');
INSERT INTO `sys_menu` (`menu_id`, `menu_name`, `parent_id`, `order_num`, `path`, `component`, `query`, `is_frame`, `is_cache`, `menu_type`, `visible`, `status`, `perms`, `icon`, `create_by`, `create_time`, `update_by`, `update_time`, `remark`) VALUES (1020, '部门删除', 103, 4, '', '', '', 1, 0, 'F', '0', '0', 'system:dept:remove', '#', 1, '2022-06-17 17:20:22.000', NULL, NULL, '');
INSERT INTO `sys_menu` (`menu_id`, `menu_name`, `parent_id`, `order_num`, `path`, `component`, `query`, `is_frame`, `is_cache`, `menu_type`, `visible`, `status`, `perms`, `icon`, `create_by`, `create_time`, `update_by`, `update_time`, `remark`) VALUES (1021, '岗位查询', 104, 1, '', '', '', 1, 0, 'F', '0', '0', 'system:post:query', '#', 1, '2022-06-17 17:20:22.000', NULL, NULL, '');
INSERT INTO `sys_menu` (`menu_id`, `menu_name`, `parent_id`, `order_num`, `path`, `component`, `query`, `is_frame`, `is_cache`, `menu_type`, `visible`, `status`, `perms`, `icon`, `create_by`, `create_time`, `update_by`, `update_time`, `remark`) VALUES (1022, '岗位新增', 104, 2, '', '', '', 1, 0, 'F', '0', '0', 'system:post:add', '#', 1, '2022-06-17 17:20:22.000', NULL, NULL, '');
INSERT INTO `sys_menu` (`menu_id`, `menu_name`, `parent_id`, `order_num`, `path`, `component`, `query`, `is_frame`, `is_cache`, `menu_type`, `visible`, `status`, `perms`, `icon`, `create_by`, `create_time`, `update_by`, `update_time`, `remark`) VALUES (1023, '岗位修改', 104, 3, '', '', '', 1, 0, 'F', '0', '0', 'system:post:edit', '#', 1, '2022-06-17 17:20:22.000', NULL, NULL, '');
INSERT INTO `sys_menu` (`menu_id`, `menu_name`, `parent_id`, `order_num`, `path`, `component`, `query`, `is_frame`, `is_cache`, `menu_type`, `visible`, `status`, `perms`, `icon`, `create_by`, `create_time`, `update_by`, `update_time`, `remark`) VALUES (1024, '岗位删除', 104, 4, '', '', '', 1, 0, 'F', '0', '0', 'system:post:remove', '#', 1, '2022-06-17 17:20:22.000', NULL, NULL, '');
INSERT INTO `sys_menu` (`menu_id`, `menu_name`, `parent_id`, `order_num`, `path`, `component`, `query`, `is_frame`, `is_cache`, `menu_type`, `visible`, `status`, `perms`, `icon`, `create_by`, `create_time`, `update_by`, `update_time`, `remark`) VALUES (1025, '岗位导出', 104, 5, '', '', '', 1, 0, 'F', '0', '0', 'system:post:export', '#', 1, '2022-06-17 17:20:22.000', NULL, NULL, '');
INSERT INTO `sys_menu` (`menu_id`, `menu_name`, `parent_id`, `order_num`, `path`, `component`, `query`, `is_frame`, `is_cache`, `menu_type`, `visible`, `status`, `perms`, `icon`, `create_by`, `create_time`, `update_by`, `update_time`, `remark`) VALUES (1026, '字典查询', 105, 1, '#', '', '', 1, 0, 'F', '0', '0', 'system:dict:query', '#', 1, '2022-06-17 17:20:22.000', NULL, NULL, '');
INSERT INTO `sys_menu` (`menu_id`, `menu_name`, `parent_id`, `order_num`, `path`, `component`, `query`, `is_frame`, `is_cache`, `menu_type`, `visible`, `status`, `perms`, `icon`, `create_by`, `create_time`, `update_by`, `update_time`, `remark`) VALUES (1027, '字典新增', 105, 2, '#', '', '', 1, 0, 'F', '0', '0', 'system:dict:add', '#', 1, '2022-06-17 17:20:22.000', NULL, NULL, '');
INSERT INTO `sys_menu` (`menu_id`, `menu_name`, `parent_id`, `order_num`, `path`, `component`, `query`, `is_frame`, `is_cache`, `menu_type`, `visible`, `status`, `perms`, `icon`, `create_by`, `create_time`, `update_by`, `update_time`, `remark`) VALUES (1028, '字典修改', 105, 3, '#', '', '', 1, 0, 'F', '0', '0', 'system:dict:edit', '#', 1, '2022-06-17 17:20:22.000', NULL, NULL, '');
INSERT INTO `sys_menu` (`menu_id`, `menu_name`, `parent_id`, `order_num`, `path`, `component`, `query`, `is_frame`, `is_cache`, `menu_type`, `visible`, `status`, `perms`, `icon`, `create_by`, `create_time`, `update_by`, `update_time`, `remark`) VALUES (1029, '字典删除', 105, 4, '#', '', '', 1, 0, 'F', '0', '0', 'system:dict:remove', '#', 1, '2022-06-17 17:20:22.000', NULL, NULL, '');
INSERT INTO `sys_menu` (`menu_id`, `menu_name`, `parent_id`, `order_num`, `path`, `component`, `query`, `is_frame`, `is_cache`, `menu_type`, `visible`, `status`, `perms`, `icon`, `create_by`, `create_time`, `update_by`, `update_time`, `remark`) VALUES (1030, '字典导出', 105, 5, '#', '', '', 1, 0, 'F', '0', '0', 'system:dict:export', '#', 1, '2022-06-17 17:20:22.000', NULL, NULL, '');
INSERT INTO `sys_menu` (`menu_id`, `menu_name`, `parent_id`, `order_num`, `path`, `component`, `query`, `is_frame`, `is_cache`, `menu_type`, `visible`, `status`, `perms`, `icon`, `create_by`, `create_time`, `update_by`, `update_time`, `remark`) VALUES (1031, '参数查询', 106, 1, '#', '', '', 1, 0, 'F', '0', '0', 'system:config:query', '#', 1, '2022-06-17 17:20:22.000', NULL, NULL, '');
INSERT INTO `sys_menu` (`menu_id`, `menu_name`, `parent_id`, `order_num`, `path`, `component`, `query`, `is_frame`, `is_cache`, `menu_type`, `visible`, `status`, `perms`, `icon`, `create_by`, `create_time`, `update_by`, `update_time`, `remark`) VALUES (1032, '参数新增', 106, 2, '#', '', '', 1, 0, 'F', '0', '0', 'system:config:add', '#', 1, '2022-06-17 17:20:22.000', NULL, NULL, '');
INSERT INTO `sys_menu` (`menu_id`, `menu_name`, `parent_id`, `order_num`, `path`, `component`, `query`, `is_frame`, `is_cache`, `menu_type`, `visible`, `status`, `perms`, `icon`, `create_by`, `create_time`, `update_by`, `update_time`, `remark`) VALUES (1033, '参数修改', 106, 3, '#', '', '', 1, 0, 'F', '0', '0', 'system:config:edit', '#', 1, '2022-06-17 17:20:22.000', NULL, NULL, '');
INSERT INTO `sys_menu` (`menu_id`, `menu_name`, `parent_id`, `order_num`, `path`, `component`, `query`, `is_frame`, `is_cache`, `menu_type`, `visible`, `status`, `perms`, `icon`, `create_by`, `create_time`, `update_by`, `update_time`, `remark`) VALUES (1034, '参数删除', 106, 4, '#', '', '', 1, 0, 'F', '0', '0', 'system:config:remove', '#', 1, '2022-06-17 17:20:22.000', NULL, NULL, '');
INSERT INTO `sys_menu` (`menu_id`, `menu_name`, `parent_id`, `order_num`, `path`, `component`, `query`, `is_frame`, `is_cache`, `menu_type`, `visible`, `status`, `perms`, `icon`, `create_by`, `create_time`, `update_by`, `update_time`, `remark`) VALUES (1035, '参数导出', 106, 5, '#', '', '', 1, 0, 'F', '0', '0', 'system:config:export', '#', 1, '2022-06-17 17:20:22.000', NULL, NULL, '');
INSERT INTO `sys_menu` (`menu_id`, `menu_name`, `parent_id`, `order_num`, `path`, `component`, `query`, `is_frame`, `is_cache`, `menu_type`, `visible`, `status`, `perms`, `icon`, `create_by`, `create_time`, `update_by`, `update_time`, `remark`) VALUES (1036, '公告查询', 107, 1, '#', '', '', 1, 0, 'F', '0', '0', 'system:notice:query', '#', 1, '2022-06-17 17:20:22.000', NULL, NULL, '');
INSERT INTO `sys_menu` (`menu_id`, `menu_name`, `parent_id`, `order_num`, `path`, `component`, `query`, `is_frame`, `is_cache`, `menu_type`, `visible`, `status`, `perms`, `icon`, `create_by`, `create_time`, `update_by`, `update_time`, `remark`) VALUES (1037, '公告新增', 107, 2, '#', '', '', 1, 0, 'F', '0', '0', 'system:notice:add', '#', 1, '2022-06-17 17:20:22.000', NULL, NULL, '');
INSERT INTO `sys_menu` (`menu_id`, `menu_name`, `parent_id`, `order_num`, `path`, `component`, `query`, `is_frame`, `is_cache`, `menu_type`, `visible`, `status`, `perms`, `icon`, `create_by`, `create_time`, `update_by`, `update_time`, `remark`) VALUES (1038, '公告修改', 107, 3, '#', '', '', 1, 0, 'F', '0', '0', 'system:notice:edit', '#', 1, '2022-06-17 17:20:22.000', NULL, NULL, '');
INSERT INTO `sys_menu` (`menu_id`, `menu_name`, `parent_id`, `order_num`, `path`, `component`, `query`, `is_frame`, `is_cache`, `menu_type`, `visible`, `status`, `perms`, `icon`, `create_by`, `create_time`, `update_by`, `update_time`, `remark`) VALUES (1039, '公告删除', 107, 4, '#', '', '', 1, 0, 'F', '0', '0', 'system:notice:remove', '#', 1, '2022-06-17 17:20:22.000', NULL, NULL, '');
INSERT INTO `sys_menu` (`menu_id`, `menu_name`, `parent_id`, `order_num`, `path`, `component`, `query`, `is_frame`, `is_cache`, `menu_type`, `visible`, `status`, `perms`, `icon`, `create_by`, `create_time`, `update_by`, `update_time`, `remark`) VALUES (1040, '操作查询', 500, 1, '#', '', '', 1, 0, 'F', '0', '0', 'monitor:operlog:query', '#', 1, '2022-06-17 17:20:22.000', NULL, NULL, '');
INSERT INTO `sys_menu` (`menu_id`, `menu_name`, `parent_id`, `order_num`, `path`, `component`, `query`, `is_frame`, `is_cache`, `menu_type`, `visible`, `status`, `perms`, `icon`, `create_by`, `create_time`, `update_by`, `update_time`, `remark`) VALUES (1041, '操作删除', 500, 2, '#', '', '', 1, 0, 'F', '0', '0', 'monitor:operlog:remove', '#', 1, '2022-06-17 17:20:23.000', NULL, NULL, '');
INSERT INTO `sys_menu` (`menu_id`, `menu_name`, `parent_id`, `order_num`, `path`, `component`, `query`, `is_frame`, `is_cache`, `menu_type`, `visible`, `status`, `perms`, `icon`, `create_by`, `create_time`, `update_by`, `update_time`, `remark`) VALUES (1042, '日志导出', 500, 4, '#', '', '', 1, 0, 'F', '0', '0', 'monitor:operlog:export', '#', 1, '2022-06-17 17:20:23.000', NULL, NULL, '');
INSERT INTO `sys_menu` (`menu_id`, `menu_name`, `parent_id`, `order_num`, `path`, `component`, `query`, `is_frame`, `is_cache`, `menu_type`, `visible`, `status`, `perms`, `icon`, `create_by`, `create_time`, `update_by`, `update_time`, `remark`) VALUES (1043, '登录查询', 501, 1, '#', '', '', 1, 0, 'F', '0', '0', 'monitor:logininfor:query', '#', 1, '2022-06-17 17:20:23.000', NULL, NULL, '');
INSERT INTO `sys_menu` (`menu_id`, `menu_name`, `parent_id`, `order_num`, `path`, `component`, `query`, `is_frame`, `is_cache`, `menu_type`, `visible`, `status`, `perms`, `icon`, `create_by`, `create_time`, `update_by`, `update_time`, `remark`) VALUES (1044, '登录删除', 501, 2, '#', '', '', 1, 0, 'F', '0', '0', 'monitor:logininfor:remove', '#', 1, '2022-06-17 17:20:23.000', NULL, NULL, '');
INSERT INTO `sys_menu` (`menu_id`, `menu_name`, `parent_id`, `order_num`, `path`, `component`, `query`, `is_frame`, `is_cache`, `menu_type`, `visible`, `status`, `perms`, `icon`, `create_by`, `create_time`, `update_by`, `update_time`, `remark`) VALUES (1045, '日志导出', 501, 3, '#', '', '', 1, 0, 'F', '0', '0', 'monitor:logininfor:export', '#', 1, '2022-06-17 17:20:23.000', NULL, NULL, '');
INSERT INTO `sys_menu` (`menu_id`, `menu_name`, `parent_id`, `order_num`, `path`, `component`, `query`, `is_frame`, `is_cache`, `menu_type`, `visible`, `status`, `perms`, `icon`, `create_by`, `create_time`, `update_by`, `update_time`, `remark`) VALUES (1046, '在线查询', 109, 1, '#', '', '', 1, 0, 'F', '0', '0', 'monitor:online:query', '#', 1, '2022-06-17 17:20:23.000', NULL, NULL, '');
INSERT INTO `sys_menu` (`menu_id`, `menu_name`, `parent_id`, `order_num`, `path`, `component`, `query`, `is_frame`, `is_cache`, `menu_type`, `visible`, `status`, `perms`, `icon`, `create_by`, `create_time`, `update_by`, `update_time`, `remark`) VALUES (1047, '批量强退', 109, 2, '#', '', '', 1, 0, 'F', '0', '0', 'monitor:online:batchLogout', '#', 1, '2022-06-17 17:20:23.000', NULL, NULL, '');
INSERT INTO `sys_menu` (`menu_id`, `menu_name`, `parent_id`, `order_num`, `path`, `component`, `query`, `is_frame`, `is_cache`, `menu_type`, `visible`, `status`, `perms`, `icon`, `create_by`, `create_time`, `update_by`, `update_time`, `remark`) VALUES (1048, '单条强退', 109, 3, '#', '', '', 1, 0, 'F', '0', '0', 'monitor:online:forceLogout', '#', 1, '2022-06-17 17:20:23.000', NULL, NULL, '');
INSERT INTO `sys_menu` (`menu_id`, `menu_name`, `parent_id`, `order_num`, `path`, `component`, `query`, `is_frame`, `is_cache`, `menu_type`, `visible`, `status`, `perms`, `icon`, `create_by`, `create_time`, `update_by`, `update_time`, `remark`) VALUES (1049, '任务查询', 110, 1, '#', '', '', 1, 0, 'F', '0', '0', 'monitor:job:query', '#', 1, '2022-06-17 17:20:23.000', NULL, NULL, '');
INSERT INTO `sys_menu` (`menu_id`, `menu_name`, `parent_id`, `order_num`, `path`, `component`, `query`, `is_frame`, `is_cache`, `menu_type`, `visible`, `status`, `perms`, `icon`, `create_by`, `create_time`, `update_by`, `update_time`, `remark`) VALUES (1050, '任务新增', 110, 2, '#', '', '', 1, 0, 'F', '0', '0', 'monitor:job:add', '#', 1, '2022-06-17 17:20:23.000', NULL, NULL, '');
INSERT INTO `sys_menu` (`menu_id`, `menu_name`, `parent_id`, `order_num`, `path`, `component`, `query`, `is_frame`, `is_cache`, `menu_type`, `visible`, `status`, `perms`, `icon`, `create_by`, `create_time`, `update_by`, `update_time`, `remark`) VALUES (1051, '任务修改', 110, 3, '#', '', '', 1, 0, 'F', '0', '0', 'monitor:job:edit', '#', 1, '2022-06-17 17:20:23.000', NULL, NULL, '');
INSERT INTO `sys_menu` (`menu_id`, `menu_name`, `parent_id`, `order_num`, `path`, `component`, `query`, `is_frame`, `is_cache`, `menu_type`, `visible`, `status`, `perms`, `icon`, `create_by`, `create_time`, `update_by`, `update_time`, `remark`) VALUES (1052, '任务删除', 110, 4, '#', '', '', 1, 0, 'F', '0', '0', 'monitor:job:remove', '#', 1, '2022-06-17 17:20:23.000', NULL, NULL, '');
INSERT INTO `sys_menu` (`menu_id`, `menu_name`, `parent_id`, `order_num`, `path`, `component`, `query`, `is_frame`, `is_cache`, `menu_type`, `visible`, `status`, `perms`, `icon`, `create_by`, `create_time`, `update_by`, `update_time`, `remark`) VALUES (1053, '状态修改', 110, 5, '#', '', '', 1, 0, 'F', '0', '0', 'monitor:job:changeStatus', '#', 1, '2022-06-17 17:20:23.000', NULL, NULL, '');
INSERT INTO `sys_menu` (`menu_id`, `menu_name`, `parent_id`, `order_num`, `path`, `component`, `query`, `is_frame`, `is_cache`, `menu_type`, `visible`, `status`, `perms`, `icon`, `create_by`, `create_time`, `update_by`, `update_time`, `remark`) VALUES (1054, '任务导出', 110, 7, '#', '', '', 1, 0, 'F', '0', '0', 'monitor:job:export', '#', 1, '2022-06-17 17:20:23.000', NULL, NULL, '');
INSERT INTO `sys_menu` (`menu_id`, `menu_name`, `parent_id`, `order_num`, `path`, `component`, `query`, `is_frame`, `is_cache`, `menu_type`, `visible`, `status`, `perms`, `icon`, `create_by`, `create_time`, `update_by`, `update_time`, `remark`) VALUES (1055, '生成查询', 115, 1, '#', '', '', 1, 0, 'F', '0', '0', 'tool:gen:query', '#', 1, '2022-06-17 17:20:23.000', NULL, NULL, '');
INSERT INTO `sys_menu` (`menu_id`, `menu_name`, `parent_id`, `order_num`, `path`, `component`, `query`, `is_frame`, `is_cache`, `menu_type`, `visible`, `status`, `perms`, `icon`, `create_by`, `create_time`, `update_by`, `update_time`, `remark`) VALUES (1056, '生成修改', 115, 2, '#', '', '', 1, 0, 'F', '0', '0', 'tool:gen:edit', '#', 1, '2022-06-17 17:20:23.000', NULL, NULL, '');
INSERT INTO `sys_menu` (`menu_id`, `menu_name`, `parent_id`, `order_num`, `path`, `component`, `query`, `is_frame`, `is_cache`, `menu_type`, `visible`, `status`, `perms`, `icon`, `create_by`, `create_time`, `update_by`, `update_time`, `remark`) VALUES (1057, '生成删除', 115, 3, '#', '', '', 1, 0, 'F', '0', '0', 'tool:gen:remove', '#', 1, '2022-06-17 17:20:23.000', NULL, NULL, '');
INSERT INTO `sys_menu` (`menu_id`, `menu_name`, `parent_id`, `order_num`, `path`, `component`, `query`, `is_frame`, `is_cache`, `menu_type`, `visible`, `status`, `perms`, `icon`, `create_by`, `create_time`, `update_by`, `update_time`, `remark`) VALUES (1058, '导入代码', 115, 2, '#', '', '', 1, 0, 'F', '0', '0', 'tool:gen:import', '#', 1, '2022-06-17 17:20:23.000', NULL, NULL, '');
INSERT INTO `sys_menu` (`menu_id`, `menu_name`, `parent_id`, `order_num`, `path`, `component`, `query`, `is_frame`, `is_cache`, `menu_type`, `visible`, `status`, `perms`, `icon`, `create_by`, `create_time`, `update_by`, `update_time`, `remark`) VALUES (1059, '预览代码', 115, 4, '#', '', '', 1, 0, 'F', '0', '0', 'tool:gen:preview', '#', 1, '2022-06-17 17:20:23.000', NULL, NULL, '');
INSERT INTO `sys_menu` (`menu_id`, `menu_name`, `parent_id`, `order_num`, `path`, `component`, `query`, `is_frame`, `is_cache`, `menu_type`, `visible`, `status`, `perms`, `icon`, `create_by`, `create_time`, `update_by`, `update_time`, `remark`) VALUES (1060, '生成代码', 115, 5, '#', '', '', 1, 0, 'F', '0', '0', 'tool:gen:code', '#', 1, '2022-06-17 17:20:23.000', NULL, NULL, '');
INSERT INTO `sys_menu` (`menu_id`, `menu_name`, `parent_id`, `order_num`, `path`, `component`, `query`, `is_frame`, `is_cache`, `menu_type`, `visible`, `status`, `perms`, `icon`, `create_by`, `create_time`, `update_by`, `update_time`, `remark`) VALUES (2096, '库区', 2193, 2, 'area', 'wms/area/index', NULL, 1, 0, 'C', '0', '0', 'wms:area:list', '#', 1, '2022-07-29 16:08:33.000', 1, '2022-10-30 22:17:57.000', '货区菜单');
INSERT INTO `sys_menu` (`menu_id`, `menu_name`, `parent_id`, `order_num`, `path`, `component`, `query`, `is_frame`, `is_cache`, `menu_type`, `visible`, `status`, `perms`, `icon`, `create_by`, `create_time`, `update_by`, `update_time`, `remark`) VALUES (2097, '货区查询', 2096, 1, '', '', NULL, 1, 0, 'F', '0', '0', 'wms:area:query', '#', 1, '2022-07-29 16:08:33.000', 0, NULL, '');
INSERT INTO `sys_menu` (`menu_id`, `menu_name`, `parent_id`, `order_num`, `path`, `component`, `query`, `is_frame`, `is_cache`, `menu_type`, `visible`, `status`, `perms`, `icon`, `create_by`, `create_time`, `update_by`, `update_time`, `remark`) VALUES (2098, '货区新增', 2096, 2, '', '', NULL, 1, 0, 'F', '0', '0', 'wms:area:add', '#', 1, '2022-07-29 16:08:33.000', 0, NULL, '');
INSERT INTO `sys_menu` (`menu_id`, `menu_name`, `parent_id`, `order_num`, `path`, `component`, `query`, `is_frame`, `is_cache`, `menu_type`, `visible`, `status`, `perms`, `icon`, `create_by`, `create_time`, `update_by`, `update_time`, `remark`) VALUES (2099, '货区修改', 2096, 3, '', '', NULL, 1, 0, 'F', '0', '0', 'wms:area:edit', '#', 1, '2022-07-29 16:08:33.000', 0, NULL, '');
INSERT INTO `sys_menu` (`menu_id`, `menu_name`, `parent_id`, `order_num`, `path`, `component`, `query`, `is_frame`, `is_cache`, `menu_type`, `visible`, `status`, `perms`, `icon`, `create_by`, `create_time`, `update_by`, `update_time`, `remark`) VALUES (2100, '货区删除', 2096, 4, '', '', NULL, 1, 0, 'F', '0', '0', 'wms:area:remove', '#', 1, '2022-07-29 16:08:33.000', 0, NULL, '');
INSERT INTO `sys_menu` (`menu_id`, `menu_name`, `parent_id`, `order_num`, `path`, `component`, `query`, `is_frame`, `is_cache`, `menu_type`, `visible`, `status`, `perms`, `icon`, `create_by`, `create_time`, `update_by`, `update_time`, `remark`) VALUES (2101, '货区导出', 2096, 5, '', '', NULL, 1, 0, 'F', '0', '0', 'wms:area:export', '#', 1, '2022-07-29 16:08:33.000', 0, NULL, '');
INSERT INTO `sys_menu` (`menu_id`, `menu_name`, `parent_id`, `order_num`, `path`, `component`, `query`, `is_frame`, `is_cache`, `menu_type`, `visible`, `status`, `perms`, `icon`, `create_by`, `create_time`, `update_by`, `update_time`, `remark`) VALUES (2102, '承运商', 2198, 6, 'carrier', 'wms/carrier/index', NULL, 1, 0, 'C', '0', '0', 'wms:carrier:list', '#', 1, '2022-07-29 16:08:42.000', 1, '2022-10-31 09:10:41.000', '承运商菜单');
INSERT INTO `sys_menu` (`menu_id`, `menu_name`, `parent_id`, `order_num`, `path`, `component`, `query`, `is_frame`, `is_cache`, `menu_type`, `visible`, `status`, `perms`, `icon`, `create_by`, `create_time`, `update_by`, `update_time`, `remark`) VALUES (2103, '承运商查询', 2102, 1, '', '', NULL, 1, 0, 'F', '0', '0', 'wms:carrier:query', '#', 1, '2022-07-29 16:08:42.000', 0, NULL, '');
INSERT INTO `sys_menu` (`menu_id`, `menu_name`, `parent_id`, `order_num`, `path`, `component`, `query`, `is_frame`, `is_cache`, `menu_type`, `visible`, `status`, `perms`, `icon`, `create_by`, `create_time`, `update_by`, `update_time`, `remark`) VALUES (2104, '承运商新增', 2102, 2, '', '', NULL, 1, 0, 'F', '0', '0', 'wms:carrier:add', '#', 1, '2022-07-29 16:08:42.000', 0, NULL, '');
INSERT INTO `sys_menu` (`menu_id`, `menu_name`, `parent_id`, `order_num`, `path`, `component`, `query`, `is_frame`, `is_cache`, `menu_type`, `visible`, `status`, `perms`, `icon`, `create_by`, `create_time`, `update_by`, `update_time`, `remark`) VALUES (2105, '承运商修改', 2102, 3, '', '', NULL, 1, 0, 'F', '0', '0', 'wms:carrier:edit', '#', 1, '2022-07-29 16:08:42.000', 0, NULL, '');
INSERT INTO `sys_menu` (`menu_id`, `menu_name`, `parent_id`, `order_num`, `path`, `component`, `query`, `is_frame`, `is_cache`, `menu_type`, `visible`, `status`, `perms`, `icon`, `create_by`, `create_time`, `update_by`, `update_time`, `remark`) VALUES (2106, '承运商删除', 2102, 4, '', '', NULL, 1, 0, 'F', '0', '0', 'wms:carrier:remove', '#', 1, '2022-07-29 16:08:43.000', 0, NULL, '');
INSERT INTO `sys_menu` (`menu_id`, `menu_name`, `parent_id`, `order_num`, `path`, `component`, `query`, `is_frame`, `is_cache`, `menu_type`, `visible`, `status`, `perms`, `icon`, `create_by`, `create_time`, `update_by`, `update_time`, `remark`) VALUES (2107, '承运商导出', 2102, 5, '', '', NULL, 1, 0, 'F', '0', '0', 'wms:carrier:export', '#', 1, '2022-07-29 16:08:43.000', 0, NULL, '');
INSERT INTO `sys_menu` (`menu_id`, `menu_name`, `parent_id`, `order_num`, `path`, `component`, `query`, `is_frame`, `is_cache`, `menu_type`, `visible`, `status`, `perms`, `icon`, `create_by`, `create_time`, `update_by`, `update_time`, `remark`) VALUES (2108, '客户', 2198, 5, 'customer', 'wms/customer/index', NULL, 1, 0, 'C', '0', '0', 'wms:customer:list', '#', 1, '2022-07-29 16:08:51.000', 1, '2022-10-31 09:10:21.000', '客户菜单');
INSERT INTO `sys_menu` (`menu_id`, `menu_name`, `parent_id`, `order_num`, `path`, `component`, `query`, `is_frame`, `is_cache`, `menu_type`, `visible`, `status`, `perms`, `icon`, `create_by`, `create_time`, `update_by`, `update_time`, `remark`) VALUES (2109, '客户查询', 2108, 1, '', '', NULL, 1, 0, 'F', '0', '0', 'wms:customer:query', '#', 1, '2022-07-29 16:08:51.000', 0, NULL, '');
INSERT INTO `sys_menu` (`menu_id`, `menu_name`, `parent_id`, `order_num`, `path`, `component`, `query`, `is_frame`, `is_cache`, `menu_type`, `visible`, `status`, `perms`, `icon`, `create_by`, `create_time`, `update_by`, `update_time`, `remark`) VALUES (2110, '客户新增', 2108, 2, '', '', NULL, 1, 0, 'F', '0', '0', 'wms:customer:add', '#', 1, '2022-07-29 16:08:51.000', 0, NULL, '');
INSERT INTO `sys_menu` (`menu_id`, `menu_name`, `parent_id`, `order_num`, `path`, `component`, `query`, `is_frame`, `is_cache`, `menu_type`, `visible`, `status`, `perms`, `icon`, `create_by`, `create_time`, `update_by`, `update_time`, `remark`) VALUES (2111, '客户修改', 2108, 3, '', '', NULL, 1, 0, 'F', '0', '0', 'wms:customer:edit', '#', 1, '2022-07-29 16:08:51.000', 0, NULL, '');
INSERT INTO `sys_menu` (`menu_id`, `menu_name`, `parent_id`, `order_num`, `path`, `component`, `query`, `is_frame`, `is_cache`, `menu_type`, `visible`, `status`, `perms`, `icon`, `create_by`, `create_time`, `update_by`, `update_time`, `remark`) VALUES (2112, '客户删除', 2108, 4, '', '', NULL, 1, 0, 'F', '0', '0', 'wms:customer:remove', '#', 1, '2022-07-29 16:08:51.000', 0, NULL, '');
INSERT INTO `sys_menu` (`menu_id`, `menu_name`, `parent_id`, `order_num`, `path`, `component`, `query`, `is_frame`, `is_cache`, `menu_type`, `visible`, `status`, `perms`, `icon`, `create_by`, `create_time`, `update_by`, `update_time`, `remark`) VALUES (2113, '客户导出', 2108, 5, '', '', NULL, 1, 0, 'F', '0', '0', 'wms:customer:export', '#', 1, '2022-07-29 16:08:51.000', 0, NULL, '');
INSERT INTO `sys_menu` (`menu_id`, `menu_name`, `parent_id`, `order_num`, `path`, `component`, `query`, `is_frame`, `is_cache`, `menu_type`, `visible`, `status`, `perms`, `icon`, `create_by`, `create_time`, `update_by`, `update_time`, `remark`) VALUES (2114, '发货记录', 2197, 5, 'delivery', 'wms/delivery/index', NULL, 1, 0, 'C', '0', '0', 'wms:delivery:list', '#', 1, '2022-07-29 16:31:18.000', 1, '2022-10-30 22:09:55.000', '发货记录菜单');
INSERT INTO `sys_menu` (`menu_id`, `menu_name`, `parent_id`, `order_num`, `path`, `component`, `query`, `is_frame`, `is_cache`, `menu_type`, `visible`, `status`, `perms`, `icon`, `create_by`, `create_time`, `update_by`, `update_time`, `remark`) VALUES (2115, '发货记录查询', 2114, 1, '', '', NULL, 1, 0, 'F', '0', '0', 'wms:delivery:query', '#', 1, '2022-07-29 16:31:18.000', 0, NULL, '');
INSERT INTO `sys_menu` (`menu_id`, `menu_name`, `parent_id`, `order_num`, `path`, `component`, `query`, `is_frame`, `is_cache`, `menu_type`, `visible`, `status`, `perms`, `icon`, `create_by`, `create_time`, `update_by`, `update_time`, `remark`) VALUES (2116, '发货记录新增', 2114, 2, '', '', NULL, 1, 0, 'F', '0', '0', 'wms:delivery:add', '#', 1, '2022-07-29 16:31:18.000', 0, NULL, '');
INSERT INTO `sys_menu` (`menu_id`, `menu_name`, `parent_id`, `order_num`, `path`, `component`, `query`, `is_frame`, `is_cache`, `menu_type`, `visible`, `status`, `perms`, `icon`, `create_by`, `create_time`, `update_by`, `update_time`, `remark`) VALUES (2117, '发货记录修改', 2114, 3, '', '', NULL, 1, 0, 'F', '0', '0', 'wms:delivery:edit', '#', 1, '2022-07-29 16:31:18.000', 0, NULL, '');
INSERT INTO `sys_menu` (`menu_id`, `menu_name`, `parent_id`, `order_num`, `path`, `component`, `query`, `is_frame`, `is_cache`, `menu_type`, `visible`, `status`, `perms`, `icon`, `create_by`, `create_time`, `update_by`, `update_time`, `remark`) VALUES (2118, '发货记录删除', 2114, 4, '', '', NULL, 1, 0, 'F', '0', '0', 'wms:delivery:remove', '#', 1, '2022-07-29 16:31:18.000', 0, NULL, '');
INSERT INTO `sys_menu` (`menu_id`, `menu_name`, `parent_id`, `order_num`, `path`, `component`, `query`, `is_frame`, `is_cache`, `menu_type`, `visible`, `status`, `perms`, `icon`, `create_by`, `create_time`, `update_by`, `update_time`, `remark`) VALUES (2119, '发货记录导出', 2114, 5, '', '', NULL, 1, 0, 'F', '0', '0', 'wms:delivery:export', '#', 1, '2022-07-29 16:31:18.000', 0, NULL, '');
INSERT INTO `sys_menu` (`menu_id`, `menu_name`, `parent_id`, `order_num`, `path`, `component`, `query`, `is_frame`, `is_cache`, `menu_type`, `visible`, `status`, `perms`, `icon`, `create_by`, `create_time`, `update_by`, `update_time`, `remark`) VALUES (2120, '库存看板', 2197, 3, 'inventory', 'wms/inventory/index', NULL, 1, 0, 'C', '0', '0', 'wms:inventory:list', '#', 1, '2022-07-29 16:34:37.000', 1, '2022-10-30 22:09:10.000', '库存菜单');
INSERT INTO `sys_menu` (`menu_id`, `menu_name`, `parent_id`, `order_num`, `path`, `component`, `query`, `is_frame`, `is_cache`, `menu_type`, `visible`, `status`, `perms`, `icon`, `create_by`, `create_time`, `update_by`, `update_time`, `remark`) VALUES (2121, '库存查询', 2120, 1, '', '', NULL, 1, 0, 'F', '0', '0', 'wms:inventory:query', '#', 1, '2022-07-29 16:34:37.000', 0, NULL, '');
INSERT INTO `sys_menu` (`menu_id`, `menu_name`, `parent_id`, `order_num`, `path`, `component`, `query`, `is_frame`, `is_cache`, `menu_type`, `visible`, `status`, `perms`, `icon`, `create_by`, `create_time`, `update_by`, `update_time`, `remark`) VALUES (2122, '库存新增', 2120, 2, '', '', NULL, 1, 0, 'F', '0', '0', 'wms:inventory:add', '#', 1, '2022-07-29 16:34:37.000', 0, NULL, '');
INSERT INTO `sys_menu` (`menu_id`, `menu_name`, `parent_id`, `order_num`, `path`, `component`, `query`, `is_frame`, `is_cache`, `menu_type`, `visible`, `status`, `perms`, `icon`, `create_by`, `create_time`, `update_by`, `update_time`, `remark`) VALUES (2123, '库存修改', 2120, 3, '', '', NULL, 1, 0, 'F', '0', '0', 'wms:inventory:edit', '#', 1, '2022-07-29 16:34:37.000', 0, NULL, '');
INSERT INTO `sys_menu` (`menu_id`, `menu_name`, `parent_id`, `order_num`, `path`, `component`, `query`, `is_frame`, `is_cache`, `menu_type`, `visible`, `status`, `perms`, `icon`, `create_by`, `create_time`, `update_by`, `update_time`, `remark`) VALUES (2124, '库存删除', 2120, 4, '', '', NULL, 1, 0, 'F', '0', '0', 'wms:inventory:remove', '#', 1, '2022-07-29 16:34:37.000', 0, NULL, '');
INSERT INTO `sys_menu` (`menu_id`, `menu_name`, `parent_id`, `order_num`, `path`, `component`, `query`, `is_frame`, `is_cache`, `menu_type`, `visible`, `status`, `perms`, `icon`, `create_by`, `create_time`, `update_by`, `update_time`, `remark`) VALUES (2125, '库存导出', 2120, 5, '', '', NULL, 1, 0, 'F', '0', '0', 'wms:inventory:export', '#', 1, '2022-07-29 16:34:37.000', 0, NULL, '');
INSERT INTO `sys_menu` (`menu_id`, `menu_name`, `parent_id`, `order_num`, `path`, `component`, `query`, `is_frame`, `is_cache`, `menu_type`, `visible`, `status`, `perms`, `icon`, `create_by`, `create_time`, `update_by`, `update_time`, `remark`) VALUES (2126, '库存记录', 2197, 4, 'inventoryHistory', 'wms/inventoryHistory/index', NULL, 1, 0, 'C', '0', '0', 'wms:inventoryHistory:list', '#', 1, '2022-07-29 16:34:45.000', 1, '2022-10-30 22:09:40.000', '库存记录菜单');
INSERT INTO `sys_menu` (`menu_id`, `menu_name`, `parent_id`, `order_num`, `path`, `component`, `query`, `is_frame`, `is_cache`, `menu_type`, `visible`, `status`, `perms`, `icon`, `create_by`, `create_time`, `update_by`, `update_time`, `remark`) VALUES (2127, '库存记录查询', 2126, 1, '', '', NULL, 1, 0, 'F', '0', '0', 'wms:inventoryHistory:query', '#', 1, '2022-07-29 16:34:46.000', 0, NULL, '');
INSERT INTO `sys_menu` (`menu_id`, `menu_name`, `parent_id`, `order_num`, `path`, `component`, `query`, `is_frame`, `is_cache`, `menu_type`, `visible`, `status`, `perms`, `icon`, `create_by`, `create_time`, `update_by`, `update_time`, `remark`) VALUES (2128, '库存记录新增', 2126, 2, '', '', NULL, 1, 0, 'F', '0', '0', 'wms:inventoryHistory:add', '#', 1, '2022-07-29 16:34:46.000', 0, NULL, '');
INSERT INTO `sys_menu` (`menu_id`, `menu_name`, `parent_id`, `order_num`, `path`, `component`, `query`, `is_frame`, `is_cache`, `menu_type`, `visible`, `status`, `perms`, `icon`, `create_by`, `create_time`, `update_by`, `update_time`, `remark`) VALUES (2129, '库存记录修改', 2126, 3, '', '', NULL, 1, 0, 'F', '0', '0', 'wms:inventoryHistory:edit', '#', 1, '2022-07-29 16:34:46.000', 0, NULL, '');
INSERT INTO `sys_menu` (`menu_id`, `menu_name`, `parent_id`, `order_num`, `path`, `component`, `query`, `is_frame`, `is_cache`, `menu_type`, `visible`, `status`, `perms`, `icon`, `create_by`, `create_time`, `update_by`, `update_time`, `remark`) VALUES (2130, '库存记录删除', 2126, 4, '', '', NULL, 1, 0, 'F', '0', '0', 'wms:inventoryHistory:remove', '#', 1, '2022-07-29 16:34:46.000', 0, NULL, '');
INSERT INTO `sys_menu` (`menu_id`, `menu_name`, `parent_id`, `order_num`, `path`, `component`, `query`, `is_frame`, `is_cache`, `menu_type`, `visible`, `status`, `perms`, `icon`, `create_by`, `create_time`, `update_by`, `update_time`, `remark`) VALUES (2131, '库存记录导出', 2126, 5, '', '', NULL, 1, 0, 'F', '0', '0', 'wms:inventoryHistory:export', '#', 1, '2022-07-29 16:34:46.000', 0, NULL, '');
INSERT INTO `sys_menu` (`menu_id`, `menu_name`, `parent_id`, `order_num`, `path`, `component`, `query`, `is_frame`, `is_cache`, `menu_type`, `visible`, `status`, `perms`, `icon`, `create_by`, `create_time`, `update_by`, `update_time`, `remark`) VALUES (2132, '移库', 2192, 6, 'inventoryMovement', 'wms/inventoryMovement/index', NULL, 1, 0, 'C', '0', '0', 'wms:inventoryMovement:list', '#', 1, '2022-07-29 16:34:54.000', 1, '2022-10-30 22:07:05.000', '库存移动菜单');
INSERT INTO `sys_menu` (`menu_id`, `menu_name`, `parent_id`, `order_num`, `path`, `component`, `query`, `is_frame`, `is_cache`, `menu_type`, `visible`, `status`, `perms`, `icon`, `create_by`, `create_time`, `update_by`, `update_time`, `remark`) VALUES (2133, '库存移动查询', 2132, 1, '', '', NULL, 1, 0, 'F', '0', '0', 'wms:inventoryMovement:query', '#', 1, '2022-07-29 16:34:54.000', 0, NULL, '');
INSERT INTO `sys_menu` (`menu_id`, `menu_name`, `parent_id`, `order_num`, `path`, `component`, `query`, `is_frame`, `is_cache`, `menu_type`, `visible`, `status`, `perms`, `icon`, `create_by`, `create_time`, `update_by`, `update_time`, `remark`) VALUES (2134, '库存移动新增', 2132, 2, '', '', NULL, 1, 0, 'F', '0', '0', 'wms:inventoryMovement:add', '#', 1, '2022-07-29 16:34:54.000', 0, NULL, '');
INSERT INTO `sys_menu` (`menu_id`, `menu_name`, `parent_id`, `order_num`, `path`, `component`, `query`, `is_frame`, `is_cache`, `menu_type`, `visible`, `status`, `perms`, `icon`, `create_by`, `create_time`, `update_by`, `update_time`, `remark`) VALUES (2135, '库存移动修改', 2132, 3, '', '', NULL, 1, 0, 'F', '0', '0', 'wms:inventoryMovement:edit', '#', 1, '2022-07-29 16:34:54.000', 0, NULL, '');
INSERT INTO `sys_menu` (`menu_id`, `menu_name`, `parent_id`, `order_num`, `path`, `component`, `query`, `is_frame`, `is_cache`, `menu_type`, `visible`, `status`, `perms`, `icon`, `create_by`, `create_time`, `update_by`, `update_time`, `remark`) VALUES (2136, '库存移动删除', 2132, 4, '', '', NULL, 1, 0, 'F', '0', '0', 'wms:inventoryMovement:remove', '#', 1, '2022-07-29 16:34:54.000', 0, NULL, '');
INSERT INTO `sys_menu` (`menu_id`, `menu_name`, `parent_id`, `order_num`, `path`, `component`, `query`, `is_frame`, `is_cache`, `menu_type`, `visible`, `status`, `perms`, `icon`, `create_by`, `create_time`, `update_by`, `update_time`, `remark`) VALUES (2137, '库存移动导出', 2132, 5, '', '', NULL, 1, 0, 'F', '0', '0', 'wms:inventoryMovement:export', '#', 1, '2022-07-29 16:34:54.000', 0, NULL, '');
INSERT INTO `sys_menu` (`menu_id`, `menu_name`, `parent_id`, `order_num`, `path`, `component`, `query`, `is_frame`, `is_cache`, `menu_type`, `visible`, `status`, `perms`, `icon`, `create_by`, `create_time`, `update_by`, `update_time`, `remark`) VALUES (2138, '库存移动详情', 2192, 100, 'inventoryMovementDetail', 'wms/inventoryMovementDetail/index', NULL, 1, 0, 'C', '1', '0', 'wms:inventoryMovementDetail:list', '#', 1, '2022-07-29 16:35:04.000', 1, '2023-03-03 09:01:28.000', '库存移动详情菜单');
INSERT INTO `sys_menu` (`menu_id`, `menu_name`, `parent_id`, `order_num`, `path`, `component`, `query`, `is_frame`, `is_cache`, `menu_type`, `visible`, `status`, `perms`, `icon`, `create_by`, `create_time`, `update_by`, `update_time`, `remark`) VALUES (2139, '库存移动详情查询', 2138, 1, '', '', NULL, 1, 0, 'F', '0', '0', 'wms:inventoryMovementDetail:query', '#', 1, '2022-07-29 16:35:04.000', 0, NULL, '');
INSERT INTO `sys_menu` (`menu_id`, `menu_name`, `parent_id`, `order_num`, `path`, `component`, `query`, `is_frame`, `is_cache`, `menu_type`, `visible`, `status`, `perms`, `icon`, `create_by`, `create_time`, `update_by`, `update_time`, `remark`) VALUES (2140, '库存移动详情新增', 2138, 2, '', '', NULL, 1, 0, 'F', '0', '0', 'wms:inventoryMovementDetail:add', '#', 1, '2022-07-29 16:35:04.000', 0, NULL, '');
INSERT INTO `sys_menu` (`menu_id`, `menu_name`, `parent_id`, `order_num`, `path`, `component`, `query`, `is_frame`, `is_cache`, `menu_type`, `visible`, `status`, `perms`, `icon`, `create_by`, `create_time`, `update_by`, `update_time`, `remark`) VALUES (2141, '库存移动详情修改', 2138, 3, '', '', NULL, 1, 0, 'F', '0', '0', 'wms:inventoryMovementDetail:edit', '#', 1, '2022-07-29 16:35:04.000', 0, NULL, '');
INSERT INTO `sys_menu` (`menu_id`, `menu_name`, `parent_id`, `order_num`, `path`, `component`, `query`, `is_frame`, `is_cache`, `menu_type`, `visible`, `status`, `perms`, `icon`, `create_by`, `create_time`, `update_by`, `update_time`, `remark`) VALUES (2142, '库存移动详情删除', 2138, 4, '', '', NULL, 1, 0, 'F', '0', '0', 'wms:inventoryMovementDetail:remove', '#', 1, '2022-07-29 16:35:04.000', 0, NULL, '');
INSERT INTO `sys_menu` (`menu_id`, `menu_name`, `parent_id`, `order_num`, `path`, `component`, `query`, `is_frame`, `is_cache`, `menu_type`, `visible`, `status`, `perms`, `icon`, `create_by`, `create_time`, `update_by`, `update_time`, `remark`) VALUES (2143, '库存移动详情导出', 2138, 5, '', '', NULL, 1, 0, 'F', '0', '0', 'wms:inventoryMovementDetail:export', '#', 1, '2022-07-29 16:35:04.000', 0, NULL, '');
INSERT INTO `sys_menu` (`menu_id`, `menu_name`, `parent_id`, `order_num`, `path`, `component`, `query`, `is_frame`, `is_cache`, `menu_type`, `visible`, `status`, `perms`, `icon`, `create_by`, `create_time`, `update_by`, `update_time`, `remark`) VALUES (2144, '物资基本信息', 0, 2, 'item', 'wms/item/index', NULL, 1, 0, 'C', '0', '0', 'wms:item:list', 'dict', 1, '2022-07-29 16:35:13.000', 1, '2023-01-13 06:47:21.000', '物料菜单');
INSERT INTO `sys_menu` (`menu_id`, `menu_name`, `parent_id`, `order_num`, `path`, `component`, `query`, `is_frame`, `is_cache`, `menu_type`, `visible`, `status`, `perms`, `icon`, `create_by`, `create_time`, `update_by`, `update_time`, `remark`) VALUES (2145, '物料查询', 2144, 1, '', '', NULL, 1, 0, 'F', '0', '0', 'wms:item:query', '#', 1, '2022-07-29 16:35:13.000', 0, NULL, '');
INSERT INTO `sys_menu` (`menu_id`, `menu_name`, `parent_id`, `order_num`, `path`, `component`, `query`, `is_frame`, `is_cache`, `menu_type`, `visible`, `status`, `perms`, `icon`, `create_by`, `create_time`, `update_by`, `update_time`, `remark`) VALUES (2146, '物料新增', 2144, 2, '', '', NULL, 1, 0, 'F', '0', '0', 'wms:item:add', '#', 1, '2022-07-29 16:35:13.000', 0, NULL, '');
INSERT INTO `sys_menu` (`menu_id`, `menu_name`, `parent_id`, `order_num`, `path`, `component`, `query`, `is_frame`, `is_cache`, `menu_type`, `visible`, `status`, `perms`, `icon`, `create_by`, `create_time`, `update_by`, `update_time`, `remark`) VALUES (2147, '物料修改', 2144, 3, '', '', NULL, 1, 0, 'F', '0', '0', 'wms:item:edit', '#', 1, '2022-07-29 16:35:13.000', 0, NULL, '');
INSERT INTO `sys_menu` (`menu_id`, `menu_name`, `parent_id`, `order_num`, `path`, `component`, `query`, `is_frame`, `is_cache`, `menu_type`, `visible`, `status`, `perms`, `icon`, `create_by`, `create_time`, `update_by`, `update_time`, `remark`) VALUES (2148, '物料删除', 2144, 4, '', '', NULL, 1, 0, 'F', '0', '0', 'wms:item:remove', '#', 1, '2022-07-29 16:35:13.000', 0, NULL, '');
INSERT INTO `sys_menu` (`menu_id`, `menu_name`, `parent_id`, `order_num`, `path`, `component`, `query`, `is_frame`, `is_cache`, `menu_type`, `visible`, `status`, `perms`, `icon`, `create_by`, `create_time`, `update_by`, `update_time`, `remark`) VALUES (2149, '物料导出', 2144, 5, '', '', NULL, 1, 0, 'F', '0', '0', 'wms:item:export', '#', 1, '2022-07-29 16:35:13.000', 0, NULL, '');
INSERT INTO `sys_menu` (`menu_id`, `menu_name`, `parent_id`, `order_num`, `path`, `component`, `query`, `is_frame`, `is_cache`, `menu_type`, `visible`, `status`, `perms`, `icon`, `create_by`, `create_time`, `update_by`, `update_time`, `remark`) VALUES (2150, '货架', 2193, 3, 'rack', 'wms/rack/index', NULL, 1, 0, 'C', '0', '0', 'wms:rack:list', '#', 1, '2022-07-29 16:35:22.000', 1, '2022-10-30 22:18:04.000', '货架菜单');
INSERT INTO `sys_menu` (`menu_id`, `menu_name`, `parent_id`, `order_num`, `path`, `component`, `query`, `is_frame`, `is_cache`, `menu_type`, `visible`, `status`, `perms`, `icon`, `create_by`, `create_time`, `update_by`, `update_time`, `remark`) VALUES (2151, '货架查询', 2150, 1, '', '', NULL, 1, 0, 'F', '0', '0', 'wms:rack:query', '#', 1, '2022-07-29 16:35:22.000', 0, NULL, '');
INSERT INTO `sys_menu` (`menu_id`, `menu_name`, `parent_id`, `order_num`, `path`, `component`, `query`, `is_frame`, `is_cache`, `menu_type`, `visible`, `status`, `perms`, `icon`, `create_by`, `create_time`, `update_by`, `update_time`, `remark`) VALUES (2152, '货架新增', 2150, 2, '', '', NULL, 1, 0, 'F', '0', '0', 'wms:rack:add', '#', 1, '2022-07-29 16:35:22.000', 0, NULL, '');
INSERT INTO `sys_menu` (`menu_id`, `menu_name`, `parent_id`, `order_num`, `path`, `component`, `query`, `is_frame`, `is_cache`, `menu_type`, `visible`, `status`, `perms`, `icon`, `create_by`, `create_time`, `update_by`, `update_time`, `remark`) VALUES (2153, '货架修改', 2150, 3, '', '', NULL, 1, 0, 'F', '0', '0', 'wms:rack:edit', '#', 1, '2022-07-29 16:35:22.000', 0, NULL, '');
INSERT INTO `sys_menu` (`menu_id`, `menu_name`, `parent_id`, `order_num`, `path`, `component`, `query`, `is_frame`, `is_cache`, `menu_type`, `visible`, `status`, `perms`, `icon`, `create_by`, `create_time`, `update_by`, `update_time`, `remark`) VALUES (2154, '货架删除', 2150, 4, '', '', NULL, 1, 0, 'F', '0', '0', 'wms:rack:remove', '#', 1, '2022-07-29 16:35:22.000', 0, NULL, '');
INSERT INTO `sys_menu` (`menu_id`, `menu_name`, `parent_id`, `order_num`, `path`, `component`, `query`, `is_frame`, `is_cache`, `menu_type`, `visible`, `status`, `perms`, `icon`, `create_by`, `create_time`, `update_by`, `update_time`, `remark`) VALUES (2155, '货架导出', 2150, 5, '', '', NULL, 1, 0, 'F', '0', '0', 'wms:rack:export', '#', 1, '2022-07-29 16:35:22.000', 0, NULL, '');
INSERT INTO `sys_menu` (`menu_id`, `menu_name`, `parent_id`, `order_num`, `path`, `component`, `query`, `is_frame`, `is_cache`, `menu_type`, `visible`, `status`, `perms`, `icon`, `create_by`, `create_time`, `update_by`, `update_time`, `remark`) VALUES (2156, '入库', 2192, 1, 'receiptOrder', 'wms/receiptOrder/index', NULL, 1, 0, 'C', '0', '0', 'wms:receiptOrder:list', '#', 1, '2022-07-29 16:35:29.000', 1, '2022-10-30 22:06:34.000', '入库单菜单');
INSERT INTO `sys_menu` (`menu_id`, `menu_name`, `parent_id`, `order_num`, `path`, `component`, `query`, `is_frame`, `is_cache`, `menu_type`, `visible`, `status`, `perms`, `icon`, `create_by`, `create_time`, `update_by`, `update_time`, `remark`) VALUES (2157, '入库单查询', 2156, 1, '', '', NULL, 1, 0, 'F', '0', '0', 'wms:receiptOrder:query', '#', 1, '2022-07-29 16:35:29.000', 0, NULL, '');
INSERT INTO `sys_menu` (`menu_id`, `menu_name`, `parent_id`, `order_num`, `path`, `component`, `query`, `is_frame`, `is_cache`, `menu_type`, `visible`, `status`, `perms`, `icon`, `create_by`, `create_time`, `update_by`, `update_time`, `remark`) VALUES (2158, '编辑入库单', 2192, 2, 'receiptOrder/edit', 'wms/receiptOrder/edit', NULL, 1, 0, 'C', '1', '0', 'wms:receiptOrder:add', '#', 1, '2022-07-29 16:35:29.000', 1, '2022-08-31 15:54:00.000', '');
INSERT INTO `sys_menu` (`menu_id`, `menu_name`, `parent_id`, `order_num`, `path`, `component`, `query`, `is_frame`, `is_cache`, `menu_type`, `visible`, `status`, `perms`, `icon`, `create_by`, `create_time`, `update_by`, `update_time`, `remark`) VALUES (2159, '入库单修改', 2156, 3, '', '', NULL, 1, 0, 'F', '0', '0', 'wms:receiptOrder:edit', '#', 1, '2022-07-29 16:35:29.000', 0, NULL, '');
INSERT INTO `sys_menu` (`menu_id`, `menu_name`, `parent_id`, `order_num`, `path`, `component`, `query`, `is_frame`, `is_cache`, `menu_type`, `visible`, `status`, `perms`, `icon`, `create_by`, `create_time`, `update_by`, `update_time`, `remark`) VALUES (2160, '入库单删除', 2156, 4, '', '', NULL, 1, 0, 'F', '0', '0', 'wms:receiptOrder:remove', '#', 1, '2022-07-29 16:35:30.000', 0, NULL, '');
INSERT INTO `sys_menu` (`menu_id`, `menu_name`, `parent_id`, `order_num`, `path`, `component`, `query`, `is_frame`, `is_cache`, `menu_type`, `visible`, `status`, `perms`, `icon`, `create_by`, `create_time`, `update_by`, `update_time`, `remark`) VALUES (2161, '入库单导出', 2156, 5, '', '', NULL, 1, 0, 'F', '0', '0', 'wms:receiptOrder:export', '#', 1, '2022-07-29 16:35:30.000', 0, NULL, '');
INSERT INTO `sys_menu` (`menu_id`, `menu_name`, `parent_id`, `order_num`, `path`, `component`, `query`, `is_frame`, `is_cache`, `menu_type`, `visible`, `status`, `perms`, `icon`, `create_by`, `create_time`, `update_by`, `update_time`, `remark`) VALUES (2162, '入库单详情', 2192, 100, 'receiptOrderDetail', 'wms/receiptOrderDetail/index', NULL, 1, 0, 'C', '1', '0', 'wms:receiptOrderDetail:list', '#', 1, '2022-07-29 16:35:36.000', 1, '2022-10-30 22:04:29.000', '入库单详情菜单');
INSERT INTO `sys_menu` (`menu_id`, `menu_name`, `parent_id`, `order_num`, `path`, `component`, `query`, `is_frame`, `is_cache`, `menu_type`, `visible`, `status`, `perms`, `icon`, `create_by`, `create_time`, `update_by`, `update_time`, `remark`) VALUES (2163, '入库单详情查询', 2162, 1, '', '', NULL, 1, 0, 'F', '0', '0', 'wms:receiptOrderDetail:query', '#', 1, '2022-07-29 16:35:36.000', 0, NULL, '');
INSERT INTO `sys_menu` (`menu_id`, `menu_name`, `parent_id`, `order_num`, `path`, `component`, `query`, `is_frame`, `is_cache`, `menu_type`, `visible`, `status`, `perms`, `icon`, `create_by`, `create_time`, `update_by`, `update_time`, `remark`) VALUES (2164, '入库单详情新增', 2162, 2, '', '', NULL, 1, 0, 'F', '0', '0', 'wms:receiptOrderDetail:add', '#', 1, '2022-07-29 16:35:36.000', 0, NULL, '');
INSERT INTO `sys_menu` (`menu_id`, `menu_name`, `parent_id`, `order_num`, `path`, `component`, `query`, `is_frame`, `is_cache`, `menu_type`, `visible`, `status`, `perms`, `icon`, `create_by`, `create_time`, `update_by`, `update_time`, `remark`) VALUES (2165, '入库单详情修改', 2162, 3, '', '', NULL, 1, 0, 'F', '0', '0', 'wms:receiptOrderDetail:edit', '#', 1, '2022-07-29 16:35:36.000', 0, NULL, '');
INSERT INTO `sys_menu` (`menu_id`, `menu_name`, `parent_id`, `order_num`, `path`, `component`, `query`, `is_frame`, `is_cache`, `menu_type`, `visible`, `status`, `perms`, `icon`, `create_by`, `create_time`, `update_by`, `update_time`, `remark`) VALUES (2166, '入库单详情删除', 2162, 4, '', '', NULL, 1, 0, 'F', '0', '0', 'wms:receiptOrderDetail:remove', '#', 1, '2022-07-29 16:35:36.000', 0, NULL, '');
INSERT INTO `sys_menu` (`menu_id`, `menu_name`, `parent_id`, `order_num`, `path`, `component`, `query`, `is_frame`, `is_cache`, `menu_type`, `visible`, `status`, `perms`, `icon`, `create_by`, `create_time`, `update_by`, `update_time`, `remark`) VALUES (2167, '入库单详情导出', 2162, 5, '', '', NULL, 1, 0, 'F', '0', '0', 'wms:receiptOrderDetail:export', '#', 1, '2022-07-29 16:35:36.000', 0, NULL, '');
INSERT INTO `sys_menu` (`menu_id`, `menu_name`, `parent_id`, `order_num`, `path`, `component`, `query`, `is_frame`, `is_cache`, `menu_type`, `visible`, `status`, `perms`, `icon`, `create_by`, `create_time`, `update_by`, `update_time`, `remark`) VALUES (2168, '出库', 2192, 2, 'shipmentOrder', 'wms/shipmentOrder/index', NULL, 1, 0, 'C', '0', '0', 'wms:shipmentOrder:list', '#', 1, '2022-07-29 16:35:44.000', 1, '2022-10-30 22:06:45.000', '出库单菜单');
INSERT INTO `sys_menu` (`menu_id`, `menu_name`, `parent_id`, `order_num`, `path`, `component`, `query`, `is_frame`, `is_cache`, `menu_type`, `visible`, `status`, `perms`, `icon`, `create_by`, `create_time`, `update_by`, `update_time`, `remark`) VALUES (2169, '出库单查询', 2168, 1, '', '', NULL, 1, 0, 'F', '0', '0', 'wms:shipmentOrder:query', '#', 1, '2022-07-29 16:35:45.000', 0, NULL, '');
INSERT INTO `sys_menu` (`menu_id`, `menu_name`, `parent_id`, `order_num`, `path`, `component`, `query`, `is_frame`, `is_cache`, `menu_type`, `visible`, `status`, `perms`, `icon`, `create_by`, `create_time`, `update_by`, `update_time`, `remark`) VALUES (2170, '出库单新增', 2168, 2, '', '', NULL, 1, 0, 'F', '0', '0', 'wms:shipmentOrder:add', '#', 1, '2022-07-29 16:35:45.000', 0, NULL, '');
INSERT INTO `sys_menu` (`menu_id`, `menu_name`, `parent_id`, `order_num`, `path`, `component`, `query`, `is_frame`, `is_cache`, `menu_type`, `visible`, `status`, `perms`, `icon`, `create_by`, `create_time`, `update_by`, `update_time`, `remark`) VALUES (2171, '出库单修改', 2168, 3, '', '', NULL, 1, 0, 'F', '0', '0', 'wms:shipmentOrder:edit', '#', 1, '2022-07-29 16:35:45.000', 0, NULL, '');
INSERT INTO `sys_menu` (`menu_id`, `menu_name`, `parent_id`, `order_num`, `path`, `component`, `query`, `is_frame`, `is_cache`, `menu_type`, `visible`, `status`, `perms`, `icon`, `create_by`, `create_time`, `update_by`, `update_time`, `remark`) VALUES (2172, '出库单删除', 2168, 4, '', '', NULL, 1, 0, 'F', '0', '0', 'wms:shipmentOrder:remove', '#', 1, '2022-07-29 16:35:45.000', 0, NULL, '');
INSERT INTO `sys_menu` (`menu_id`, `menu_name`, `parent_id`, `order_num`, `path`, `component`, `query`, `is_frame`, `is_cache`, `menu_type`, `visible`, `status`, `perms`, `icon`, `create_by`, `create_time`, `update_by`, `update_time`, `remark`) VALUES (2173, '出库单导出', 2168, 5, '', '', NULL, 1, 0, 'F', '0', '0', 'wms:shipmentOrder:export', '#', 1, '2022-07-29 16:35:45.000', 0, NULL, '');
INSERT INTO `sys_menu` (`menu_id`, `menu_name`, `parent_id`, `order_num`, `path`, `component`, `query`, `is_frame`, `is_cache`, `menu_type`, `visible`, `status`, `perms`, `icon`, `create_by`, `create_time`, `update_by`, `update_time`, `remark`) VALUES (2174, '出库单详情', 2192, 100, 'shipmentOrderDetail', 'wms/shipmentOrderDetail/index', NULL, 1, 0, 'C', '1', '0', 'wms:shipmentOrderDetail:list', '#', 1, '2022-07-29 16:35:52.000', 1, '2022-10-30 22:04:05.000', '出库单详情菜单');
INSERT INTO `sys_menu` (`menu_id`, `menu_name`, `parent_id`, `order_num`, `path`, `component`, `query`, `is_frame`, `is_cache`, `menu_type`, `visible`, `status`, `perms`, `icon`, `create_by`, `create_time`, `update_by`, `update_time`, `remark`) VALUES (2175, '出库单详情查询', 2174, 1, '', '', NULL, 1, 0, 'F', '0', '0', 'wms:shipmentOrderDetail:query', '#', 1, '2022-07-29 16:35:52.000', 0, NULL, '');
INSERT INTO `sys_menu` (`menu_id`, `menu_name`, `parent_id`, `order_num`, `path`, `component`, `query`, `is_frame`, `is_cache`, `menu_type`, `visible`, `status`, `perms`, `icon`, `create_by`, `create_time`, `update_by`, `update_time`, `remark`) VALUES (2176, '出库单详情新增', 2174, 2, '', '', NULL, 1, 0, 'F', '0', '0', 'wms:shipmentOrderDetail:add', '#', 1, '2022-07-29 16:35:52.000', 0, NULL, '');
INSERT INTO `sys_menu` (`menu_id`, `menu_name`, `parent_id`, `order_num`, `path`, `component`, `query`, `is_frame`, `is_cache`, `menu_type`, `visible`, `status`, `perms`, `icon`, `create_by`, `create_time`, `update_by`, `update_time`, `remark`) VALUES (2177, '出库单详情修改', 2174, 3, '', '', NULL, 1, 0, 'F', '0', '0', 'wms:shipmentOrderDetail:edit', '#', 1, '2022-07-29 16:35:52.000', 0, NULL, '');
INSERT INTO `sys_menu` (`menu_id`, `menu_name`, `parent_id`, `order_num`, `path`, `component`, `query`, `is_frame`, `is_cache`, `menu_type`, `visible`, `status`, `perms`, `icon`, `create_by`, `create_time`, `update_by`, `update_time`, `remark`) VALUES (2178, '出库单详情删除', 2174, 4, '', '', NULL, 1, 0, 'F', '0', '0', 'wms:shipmentOrderDetail:remove', '#', 1, '2022-07-29 16:35:52.000', 0, NULL, '');
INSERT INTO `sys_menu` (`menu_id`, `menu_name`, `parent_id`, `order_num`, `path`, `component`, `query`, `is_frame`, `is_cache`, `menu_type`, `visible`, `status`, `perms`, `icon`, `create_by`, `create_time`, `update_by`, `update_time`, `remark`) VALUES (2179, '出库单详情导出', 2174, 5, '', '', NULL, 1, 0, 'F', '0', '0', 'wms:shipmentOrderDetail:export', '#', 1, '2022-07-29 16:35:52.000', 0, NULL, '');
INSERT INTO `sys_menu` (`menu_id`, `menu_name`, `parent_id`, `order_num`, `path`, `component`, `query`, `is_frame`, `is_cache`, `menu_type`, `visible`, `status`, `perms`, `icon`, `create_by`, `create_time`, `update_by`, `update_time`, `remark`) VALUES (2180, '供应商', 2198, 5, 'supplier', 'wms/supplier/index', NULL, 1, 0, 'C', '0', '0', 'wms:supplier:list', '#', 1, '2022-07-29 16:35:59.000', 1, '2022-10-31 09:10:34.000', '供应商菜单');
INSERT INTO `sys_menu` (`menu_id`, `menu_name`, `parent_id`, `order_num`, `path`, `component`, `query`, `is_frame`, `is_cache`, `menu_type`, `visible`, `status`, `perms`, `icon`, `create_by`, `create_time`, `update_by`, `update_time`, `remark`) VALUES (2181, '供应商查询', 2180, 1, '', '', NULL, 1, 0, 'F', '0', '0', 'wms:supplier:query', '#', 1, '2022-07-29 16:35:59.000', 0, NULL, '');
INSERT INTO `sys_menu` (`menu_id`, `menu_name`, `parent_id`, `order_num`, `path`, `component`, `query`, `is_frame`, `is_cache`, `menu_type`, `visible`, `status`, `perms`, `icon`, `create_by`, `create_time`, `update_by`, `update_time`, `remark`) VALUES (2182, '供应商新增', 2180, 2, '', '', NULL, 1, 0, 'F', '0', '0', 'wms:supplier:add', '#', 1, '2022-07-29 16:35:59.000', 0, NULL, '');
INSERT INTO `sys_menu` (`menu_id`, `menu_name`, `parent_id`, `order_num`, `path`, `component`, `query`, `is_frame`, `is_cache`, `menu_type`, `visible`, `status`, `perms`, `icon`, `create_by`, `create_time`, `update_by`, `update_time`, `remark`) VALUES (2183, '供应商修改', 2180, 3, '', '', NULL, 1, 0, 'F', '0', '0', 'wms:supplier:edit', '#', 1, '2022-07-29 16:35:59.000', 0, NULL, '');
INSERT INTO `sys_menu` (`menu_id`, `menu_name`, `parent_id`, `order_num`, `path`, `component`, `query`, `is_frame`, `is_cache`, `menu_type`, `visible`, `status`, `perms`, `icon`, `create_by`, `create_time`, `update_by`, `update_time`, `remark`) VALUES (2184, '供应商删除', 2180, 4, '', '', NULL, 1, 0, 'F', '0', '0', 'wms:supplier:remove', '#', 1, '2022-07-29 16:35:59.000', 0, NULL, '');
INSERT INTO `sys_menu` (`menu_id`, `menu_name`, `parent_id`, `order_num`, `path`, `component`, `query`, `is_frame`, `is_cache`, `menu_type`, `visible`, `status`, `perms`, `icon`, `create_by`, `create_time`, `update_by`, `update_time`, `remark`) VALUES (2185, '供应商导出', 2180, 5, '', '', NULL, 1, 0, 'F', '0', '0', 'wms:supplier:export', '#', 1, '2022-07-29 16:36:00.000', 0, NULL, '');
INSERT INTO `sys_menu` (`menu_id`, `menu_name`, `parent_id`, `order_num`, `path`, `component`, `query`, `is_frame`, `is_cache`, `menu_type`, `visible`, `status`, `perms`, `icon`, `create_by`, `create_time`, `update_by`, `update_time`, `remark`) VALUES (2186, '仓库', 2193, 1, 'warehouse', 'wms/warehouse/index', NULL, 1, 0, 'C', '0', '0', 'wms:warehouse:list', '#', 1, '2022-07-29 16:36:31.000', 1, '2022-10-30 22:17:51.000', '仓库菜单');
INSERT INTO `sys_menu` (`menu_id`, `menu_name`, `parent_id`, `order_num`, `path`, `component`, `query`, `is_frame`, `is_cache`, `menu_type`, `visible`, `status`, `perms`, `icon`, `create_by`, `create_time`, `update_by`, `update_time`, `remark`) VALUES (2187, '仓库查询', 2186, 1, '', '', NULL, 1, 0, 'F', '0', '0', 'wms:warehouse:query', '#', 1, '2022-07-29 16:36:31.000', 0, NULL, '');
INSERT INTO `sys_menu` (`menu_id`, `menu_name`, `parent_id`, `order_num`, `path`, `component`, `query`, `is_frame`, `is_cache`, `menu_type`, `visible`, `status`, `perms`, `icon`, `create_by`, `create_time`, `update_by`, `update_time`, `remark`) VALUES (2188, '仓库新增', 2186, 2, '', '', NULL, 1, 0, 'F', '0', '0', 'wms:warehouse:add', '#', 1, '2022-07-29 16:36:31.000', 0, NULL, '');
INSERT INTO `sys_menu` (`menu_id`, `menu_name`, `parent_id`, `order_num`, `path`, `component`, `query`, `is_frame`, `is_cache`, `menu_type`, `visible`, `status`, `perms`, `icon`, `create_by`, `create_time`, `update_by`, `update_time`, `remark`) VALUES (2189, '仓库修改', 2186, 3, '', '', NULL, 1, 0, 'F', '0', '0', 'wms:warehouse:edit', '#', 1, '2022-07-29 16:36:31.000', 0, NULL, '');
INSERT INTO `sys_menu` (`menu_id`, `menu_name`, `parent_id`, `order_num`, `path`, `component`, `query`, `is_frame`, `is_cache`, `menu_type`, `visible`, `status`, `perms`, `icon`, `create_by`, `create_time`, `update_by`, `update_time`, `remark`) VALUES (2190, '仓库删除', 2186, 4, '', '', NULL, 1, 0, 'F', '0', '0', 'wms:warehouse:remove', '#', 1, '2022-07-29 16:36:31.000', 0, NULL, '');
INSERT INTO `sys_menu` (`menu_id`, `menu_name`, `parent_id`, `order_num`, `path`, `component`, `query`, `is_frame`, `is_cache`, `menu_type`, `visible`, `status`, `perms`, `icon`, `create_by`, `create_time`, `update_by`, `update_time`, `remark`) VALUES (2191, '仓库导出', 2186, 5, '', '', NULL, 1, 0, 'F', '0', '0', 'wms:warehouse:export', '#', 1, '2022-07-29 16:36:31.000', 0, NULL, '');
INSERT INTO `sys_menu` (`menu_id`, `menu_name`, `parent_id`, `order_num`, `path`, `component`, `query`, `is_frame`, `is_cache`, `menu_type`, `visible`, `status`, `perms`, `icon`, `create_by`, `create_time`, `update_by`, `update_time`, `remark`) VALUES (2192, '出入库', 0, 4, 'wms', NULL, NULL, 1, 0, 'M', '0', '0', '', 'redis', 1, '2022-07-29 18:09:52.000', 1, '2022-10-31 09:11:33.000', '');
INSERT INTO `sys_menu` (`menu_id`, `menu_name`, `parent_id`, `order_num`, `path`, `component`, `query`, `is_frame`, `is_cache`, `menu_type`, `visible`, `status`, `perms`, `icon`, `create_by`, `create_time`, `update_by`, `update_time`, `remark`) VALUES (2193, '仓库/库区/货架', 0, 1, 'basic', NULL, NULL, 1, 0, 'M', '0', '0', '', 'component', 1, '2022-08-09 08:57:46.000', 1, '2022-10-30 22:17:45.000', '');
INSERT INTO `sys_menu` (`menu_id`, `menu_name`, `parent_id`, `order_num`, `path`, `component`, `query`, `is_frame`, `is_cache`, `menu_type`, `visible`, `status`, `perms`, `icon`, `create_by`, `create_time`, `update_by`, `update_time`, `remark`) VALUES (2194, '发货/入库', 2192, 2, 'receiptOrder/status', 'wms/receiptOrder/status', NULL, 1, 0, 'C', '1', '0', 'wms:receiptOrder:status', '#', 1, '2022-09-27 14:16:42.000', 1, '2022-09-27 14:17:19.000', '');
INSERT INTO `sys_menu` (`menu_id`, `menu_name`, `parent_id`, `order_num`, `path`, `component`, `query`, `is_frame`, `is_cache`, `menu_type`, `visible`, `status`, `perms`, `icon`, `create_by`, `create_time`, `update_by`, `update_time`, `remark`) VALUES (2195, '编辑出库单', 2192, 2, 'shipmentOrder/edit', 'wms/shipmentOrder/edit', NULL, 1, 0, 'C', '1', '0', 'wms:shipmentOrder:add', '#', 1, '2022-10-20 16:38:26.000', 1, '2022-10-24 18:47:03.000', '');
INSERT INTO `sys_menu` (`menu_id`, `menu_name`, `parent_id`, `order_num`, `path`, `component`, `query`, `is_frame`, `is_cache`, `menu_type`, `visible`, `status`, `perms`, `icon`, `create_by`, `create_time`, `update_by`, `update_time`, `remark`) VALUES (2196, '发货/出库', 2192, 2, 'shipmentOrder/status', 'wms/shipmentOrder/status', NULL, 1, 0, 'C', '1', '0', 'wms:shipmentOrder:status', '#', 1, '2022-10-20 18:25:10.000', 1, '2022-10-24 18:47:15.000', '');
INSERT INTO `sys_menu` (`menu_id`, `menu_name`, `parent_id`, `order_num`, `path`, `component`, `query`, `is_frame`, `is_cache`, `menu_type`, `visible`, `status`, `perms`, `icon`, `create_by`, `create_time`, `update_by`, `update_time`, `remark`) VALUES (2197, '报表', 0, 5, 'report', NULL, NULL, 1, 0, 'M', '0', '0', '', 'chart', 1, '2022-10-30 22:08:28.000', 1, '2022-10-31 09:09:27.000', '');
INSERT INTO `sys_menu` (`menu_id`, `menu_name`, `parent_id`, `order_num`, `path`, `component`, `query`, `is_frame`, `is_cache`, `menu_type`, `visible`, `status`, `perms`, `icon`, `create_by`, `create_time`, `update_by`, `update_time`, `remark`) VALUES (2198, '客户/供应商/承运商', 0, 3, 'relation', NULL, NULL, 1, 0, 'M', '0', '0', NULL, 'peoples', 1, '2022-10-30 22:20:24.000', NULL, NULL, '');
INSERT INTO `sys_menu` (`menu_id`, `menu_name`, `parent_id`, `order_num`, `path`, `component`, `query`, `is_frame`, `is_cache`, `menu_type`, `visible`, `status`, `perms`, `icon`, `create_by`, `create_time`, `update_by`, `update_time`, `remark`) VALUES (2199, '编辑移库', 2192, 3, 'inventoryMovement/edit', 'wms/inventoryMovement/edit', NULL, 1, 0, 'C', '1', '0', 'wms:inventoryMovement:edit', '#', 1, '2022-11-02 15:13:46.000', 1, '2022-11-02 15:14:49.000', '');
INSERT INTO `sys_menu` (`menu_id`, `menu_name`, `parent_id`, `order_num`, `path`, `component`, `query`, `is_frame`, `is_cache`, `menu_type`, `visible`, `status`, `perms`, `icon`, `create_by`, `create_time`, `update_by`, `update_time`, `remark`) VALUES (2200, '移库操作', 2192, 4, 'inventoryMovement/status', 'wms/inventoryMovement/status', NULL, 1, 0, 'C', '1', '0', 'wms:inventoryMovement:status', '#', 1, '2022-11-02 15:15:57.000', NULL, NULL, '');
COMMIT;

-- ----------------------------
-- Table structure for sys_notice
-- ----------------------------
DROP TABLE IF EXISTS `sys_notice`;
CREATE TABLE `sys_notice` (
  `notice_id` int NOT NULL AUTO_INCREMENT COMMENT '公告ID',
  `notice_title` varchar(50) CHARACTER SET utf8mb4 COLLATE utf8mb4_general_ci NOT NULL COMMENT '公告标题',
  `notice_type` char(1) CHARACTER SET utf8mb4 COLLATE utf8mb4_general_ci NOT NULL COMMENT '公告类型（1通知 2公告）',
  `notice_content` longblob COMMENT '公告内容',
  `status` longtext CHARACTER SET utf8mb4 COLLATE utf8mb4_general_ci COMMENT '公告状态（0正常 1关闭）',
  `create_by` bigint DEFAULT NULL COMMENT '创建者',
  `create_time` datetime DEFAULT NULL COMMENT '创建时间',
  `update_by` bigint DEFAULT NULL COMMENT '更新者',
  `update_time` datetime(3) DEFAULT NULL COMMENT '更新时间',
  `remark` varchar(255) CHARACTER SET utf8mb4 COLLATE utf8mb4_general_ci DEFAULT NULL COMMENT '备注',
  `dept_id` int DEFAULT NULL COMMENT '部门ID',
  PRIMARY KEY (`notice_id`) USING BTREE
) ENGINE=InnoDB AUTO_INCREMENT=10 DEFAULT CHARSET=utf8mb4 COLLATE=utf8mb4_general_ci ROW_FORMAT=DYNAMIC COMMENT='通知公告表';

-- ----------------------------
-- Records of sys_notice
-- ----------------------------
BEGIN;
INSERT INTO `sys_notice` (`notice_id`, `notice_title`, `notice_type`, `notice_content`, `status`, `create_by`, `create_time`, `update_by`, `update_time`, `remark`, `dept_id`) VALUES (1, '温馨提醒：2018-07-01 新版本发布啦', '2', 0xE696B0E78988E69CACE58685E5AEB9, '0', 1, '2022-06-17 17:20:29', NULL, NULL, '管理员', 108);
INSERT INTO `sys_notice` (`notice_id`, `notice_title`, `notice_type`, `notice_content`, `status`, `create_by`, `create_time`, `update_by`, `update_time`, `remark`, `dept_id`) VALUES (2, '维护通知：2018-07-01 系统凌晨维护', '1', 0xE7BBB4E68AA4E58685E5AEB9, '0', 1, '2022-06-17 17:20:30', NULL, NULL, '管理员', 102);
COMMIT;

-- ----------------------------
-- Table structure for sys_oper_log
-- ----------------------------
DROP TABLE IF EXISTS `sys_oper_log`;
CREATE TABLE `sys_oper_log` (
  `oper_id` bigint NOT NULL AUTO_INCREMENT COMMENT '日志主键',
  `title` varchar(50) CHARACTER SET utf8mb4 COLLATE utf8mb4_general_ci DEFAULT '' COMMENT '模块标题',
  `business_type` int DEFAULT '0' COMMENT '业务类型（0其它 1新增 2修改 3删除）',
  `method` varchar(100) CHARACTER SET utf8mb4 COLLATE utf8mb4_general_ci DEFAULT '' COMMENT '方法名称',
  `request_method` varchar(10) CHARACTER SET utf8mb4 COLLATE utf8mb4_general_ci DEFAULT '' COMMENT '请求方式',
  `operator_type` int DEFAULT '0' COMMENT '操作类别（0其它 1后台用户 2手机端用户）',
  `oper_name` varchar(50) CHARACTER SET utf8mb4 COLLATE utf8mb4_general_ci DEFAULT '' COMMENT '操作人员',
  `dept_name` varchar(50) CHARACTER SET utf8mb4 COLLATE utf8mb4_general_ci DEFAULT '' COMMENT '部门名称',
  `oper_url` varchar(255) CHARACTER SET utf8mb4 COLLATE utf8mb4_general_ci DEFAULT '' COMMENT '请求URL',
  `oper_ip` varchar(128) CHARACTER SET utf8mb4 COLLATE utf8mb4_general_ci DEFAULT '' COMMENT '主机地址',
  `oper_location` varchar(255) CHARACTER SET utf8mb4 COLLATE utf8mb4_general_ci DEFAULT '' COMMENT '操作地点',
  `oper_param` varchar(2000) CHARACTER SET utf8mb4 COLLATE utf8mb4_general_ci DEFAULT '' COMMENT '请求参数',
  `json_result` varchar(2000) CHARACTER SET utf8mb4 COLLATE utf8mb4_general_ci DEFAULT '' COMMENT '返回参数',
  `status` int DEFAULT '0' COMMENT '操作状态（0正常 1异常）',
  `error_msg` varchar(2000) CHARACTER SET utf8mb4 COLLATE utf8mb4_general_ci DEFAULT '' COMMENT '错误消息',
  `oper_time` datetime DEFAULT NULL COMMENT '操作时间',
  PRIMARY KEY (`oper_id`) USING BTREE
) ENGINE=InnoDB AUTO_INCREMENT=3 DEFAULT CHARSET=utf8mb4 COLLATE=utf8mb4_general_ci ROW_FORMAT=DYNAMIC COMMENT='操作日志记录';

-- ----------------------------
-- Records of sys_oper_log
-- ----------------------------
BEGIN;
INSERT INTO `sys_oper_log` (`oper_id`, `title`, `business_type`, `method`, `request_method`, `operator_type`, `oper_name`, `dept_name`, `oper_url`, `oper_ip`, `oper_location`, `oper_param`, `json_result`, `status`, `error_msg`, `oper_time`) VALUES (1, '操作日志', 9, 'com.ruoyi.web.controller.monitor.SysOperlogController.clean()', 'DELETE', 1, 'admin', NULL, '/monitor/operlog/clean', '127.0.0.1', '内网IP', '{}', '{\"msg\":\"操作成功\",\"code\":200}', 0, NULL, '2023-03-15 09:31:11');
INSERT INTO `sys_oper_log` (`oper_id`, `title`, `business_type`, `method`, `request_method`, `operator_type`, `oper_name`, `dept_name`, `oper_url`, `oper_ip`, `oper_location`, `oper_param`, `json_result`, `status`, `error_msg`, `oper_time`) VALUES (2, '登录日志', 9, 'com.ruoyi.web.controller.monitor.SysLogininforController.clean()', 'DELETE', 1, 'admin', NULL, '/monitor/logininfor/clean', '127.0.0.1', '内网IP', '{}', '{\"msg\":\"操作成功\",\"code\":200}', 0, NULL, '2023-03-15 09:31:16');
COMMIT;

-- ----------------------------
-- Table structure for sys_post
-- ----------------------------
DROP TABLE IF EXISTS `sys_post`;
CREATE TABLE `sys_post` (
  `post_id` bigint NOT NULL AUTO_INCREMENT COMMENT '岗位ID',
  `post_code` varchar(64) CHARACTER SET utf8mb4 COLLATE utf8mb4_general_ci NOT NULL COMMENT '岗位编码',
  `post_name` varchar(50) CHARACTER SET utf8mb4 COLLATE utf8mb4_general_ci NOT NULL COMMENT '岗位名称',
  `post_sort` int NOT NULL COMMENT '显示顺序',
  `status` char(1) CHARACTER SET utf8mb4 COLLATE utf8mb4_general_ci NOT NULL COMMENT '状态（0正常 1停用）',
  `create_by` bigint DEFAULT NULL COMMENT '创建者',
  `create_time` datetime(3) DEFAULT NULL COMMENT '创建时间',
  `update_by` bigint DEFAULT NULL COMMENT '更新者',
  `update_time` datetime DEFAULT NULL COMMENT '更新时间',
  `remark` varchar(500) CHARACTER SET utf8mb4 COLLATE utf8mb4_general_ci DEFAULT NULL COMMENT '备注',
  PRIMARY KEY (`post_id`) USING BTREE
) ENGINE=InnoDB AUTO_INCREMENT=5 DEFAULT CHARSET=utf8mb4 COLLATE=utf8mb4_general_ci ROW_FORMAT=DYNAMIC COMMENT='岗位信息表';

-- ----------------------------
-- Records of sys_post
-- ----------------------------
BEGIN;
INSERT INTO `sys_post` (`post_id`, `post_code`, `post_name`, `post_sort`, `status`, `create_by`, `create_time`, `update_by`, `update_time`, `remark`) VALUES (1, 'ceo', '董事长', 1, '0', 1, '2022-06-17 17:20:20.000', NULL, NULL, '');
INSERT INTO `sys_post` (`post_id`, `post_code`, `post_name`, `post_sort`, `status`, `create_by`, `create_time`, `update_by`, `update_time`, `remark`) VALUES (2, 'se', '项目经理', 2, '0', 1, '2022-06-17 17:20:20.000', NULL, NULL, '');
INSERT INTO `sys_post` (`post_id`, `post_code`, `post_name`, `post_sort`, `status`, `create_by`, `create_time`, `update_by`, `update_time`, `remark`) VALUES (3, 'hr', '人力资源', 3, '0', 1, '2022-06-17 17:20:20.000', NULL, NULL, '');
INSERT INTO `sys_post` (`post_id`, `post_code`, `post_name`, `post_sort`, `status`, `create_by`, `create_time`, `update_by`, `update_time`, `remark`) VALUES (4, 'user', '普通员工', 4, '0', 1, '2022-06-17 17:20:20.000', NULL, NULL, '');
COMMIT;

-- ----------------------------
-- Table structure for sys_role
-- ----------------------------
DROP TABLE IF EXISTS `sys_role`;
CREATE TABLE `sys_role` (
  `role_id` bigint NOT NULL AUTO_INCREMENT COMMENT '角色ID',
  `role_name` varchar(30) CHARACTER SET utf8mb4 COLLATE utf8mb4_general_ci NOT NULL COMMENT '角色名称',
  `role_key` varchar(100) CHARACTER SET utf8mb4 COLLATE utf8mb4_general_ci NOT NULL COMMENT '角色权限字符串',
  `role_sort` int NOT NULL COMMENT '显示顺序',
  `data_scope` char(1) CHARACTER SET utf8mb4 COLLATE utf8mb4_general_ci DEFAULT '1' COMMENT '数据范围（1：全部数据权限 2：自定数据权限 3：本部门数据权限 4：本部门及以下数据权限）',
  `menu_check_strictly` tinyint(1) DEFAULT '1' COMMENT '菜单树选择项是否关联显示',
  `dept_check_strictly` tinyint(1) DEFAULT '1' COMMENT '部门树选择项是否关联显示',
  `status` char(1) CHARACTER SET utf8mb4 COLLATE utf8mb4_general_ci NOT NULL COMMENT '角色状态（0正常 1停用）',
  `del_flag` char(1) CHARACTER SET utf8mb4 COLLATE utf8mb4_general_ci DEFAULT '0' COMMENT '删除标志（0代表存在 2代表删除）',
  `create_by` bigint DEFAULT NULL COMMENT '创建者',
  `create_time` datetime DEFAULT NULL COMMENT '创建时间',
  `update_by` bigint DEFAULT NULL COMMENT '更新者',
  `update_time` datetime(3) DEFAULT NULL COMMENT '更新时间',
  `remark` varchar(500) CHARACTER SET utf8mb4 COLLATE utf8mb4_general_ci DEFAULT NULL COMMENT '备注',
  PRIMARY KEY (`role_id`) USING BTREE
) ENGINE=InnoDB AUTO_INCREMENT=102 DEFAULT CHARSET=utf8mb4 COLLATE=utf8mb4_general_ci ROW_FORMAT=DYNAMIC COMMENT='角色信息表';

-- ----------------------------
-- Records of sys_role
-- ----------------------------
BEGIN;
INSERT INTO `sys_role` (`role_id`, `role_name`, `role_key`, `role_sort`, `data_scope`, `menu_check_strictly`, `dept_check_strictly`, `status`, `del_flag`, `create_by`, `create_time`, `update_by`, `update_time`, `remark`) VALUES (1, '超级管理员', 'admin', 1, '1', 1, 1, '0', '0', 1, '2022-06-17 17:20:20', NULL, NULL, '超级管理员');
INSERT INTO `sys_role` (`role_id`, `role_name`, `role_key`, `role_sort`, `data_scope`, `menu_check_strictly`, `dept_check_strictly`, `status`, `del_flag`, `create_by`, `create_time`, `update_by`, `update_time`, `remark`) VALUES (3, '管理员', 'super', 3, '1', 1, 1, '0', '0', 1, '2022-06-28 15:57:51', NULL, NULL, '管理员');
INSERT INTO `sys_role` (`role_id`, `role_name`, `role_key`, `role_sort`, `data_scope`, `menu_check_strictly`, `dept_check_strictly`, `status`, `del_flag`, `create_by`, `create_time`, `update_by`, `update_time`, `remark`) VALUES (100, '普通用户', 'common', 2, '2', 1, 1, '0', '0', NULL, '2022-06-20 09:52:16', 1, '2022-11-07 10:38:58.000', NULL);
INSERT INTO `sys_role` (`role_id`, `role_name`, `role_key`, `role_sort`, `data_scope`, `menu_check_strictly`, `dept_check_strictly`, `status`, `del_flag`, `create_by`, `create_time`, `update_by`, `update_time`, `remark`) VALUES (101, '浏览者', 'viewer', 4, '3', 0, 1, '0', '0', 1, '2022-11-01 17:52:33', 1, '2023-03-11 02:05:36.000', NULL);
COMMIT;

-- ----------------------------
-- Table structure for sys_role_dept
-- ----------------------------
DROP TABLE IF EXISTS `sys_role_dept`;
CREATE TABLE `sys_role_dept` (
  `role_id` bigint NOT NULL COMMENT '角色ID',
  `dept_id` bigint NOT NULL COMMENT '部门ID',
  PRIMARY KEY (`role_id`,`dept_id`) USING BTREE
) ENGINE=InnoDB DEFAULT CHARSET=utf8mb4 COLLATE=utf8mb4_general_ci ROW_FORMAT=DYNAMIC COMMENT='角色和部门关联表';

-- ----------------------------
-- Records of sys_role_dept
-- ----------------------------
BEGIN;
INSERT INTO `sys_role_dept` (`role_id`, `dept_id`) VALUES (2, 100);
INSERT INTO `sys_role_dept` (`role_id`, `dept_id`) VALUES (2, 101);
INSERT INTO `sys_role_dept` (`role_id`, `dept_id`) VALUES (2, 105);
COMMIT;

-- ----------------------------
-- Table structure for sys_role_menu
-- ----------------------------
DROP TABLE IF EXISTS `sys_role_menu`;
CREATE TABLE `sys_role_menu` (
  `role_id` bigint NOT NULL COMMENT '角色ID',
  `menu_id` bigint NOT NULL COMMENT '菜单ID',
  PRIMARY KEY (`role_id`,`menu_id`) USING BTREE
) ENGINE=InnoDB DEFAULT CHARSET=utf8mb4 COLLATE=utf8mb4_general_ci ROW_FORMAT=DYNAMIC COMMENT='角色和菜单关联表';

-- ----------------------------
-- Records of sys_role_menu
-- ----------------------------
BEGIN;
INSERT INTO `sys_role_menu` (`role_id`, `menu_id`) VALUES (2, 1);
INSERT INTO `sys_role_menu` (`role_id`, `menu_id`) VALUES (2, 2);
INSERT INTO `sys_role_menu` (`role_id`, `menu_id`) VALUES (2, 3);
INSERT INTO `sys_role_menu` (`role_id`, `menu_id`) VALUES (2, 4);
INSERT INTO `sys_role_menu` (`role_id`, `menu_id`) VALUES (2, 100);
INSERT INTO `sys_role_menu` (`role_id`, `menu_id`) VALUES (2, 101);
INSERT INTO `sys_role_menu` (`role_id`, `menu_id`) VALUES (2, 102);
INSERT INTO `sys_role_menu` (`role_id`, `menu_id`) VALUES (2, 103);
INSERT INTO `sys_role_menu` (`role_id`, `menu_id`) VALUES (2, 104);
INSERT INTO `sys_role_menu` (`role_id`, `menu_id`) VALUES (2, 105);
INSERT INTO `sys_role_menu` (`role_id`, `menu_id`) VALUES (2, 106);
INSERT INTO `sys_role_menu` (`role_id`, `menu_id`) VALUES (2, 107);
INSERT INTO `sys_role_menu` (`role_id`, `menu_id`) VALUES (2, 108);
INSERT INTO `sys_role_menu` (`role_id`, `menu_id`) VALUES (2, 109);
INSERT INTO `sys_role_menu` (`role_id`, `menu_id`) VALUES (2, 110);
INSERT INTO `sys_role_menu` (`role_id`, `menu_id`) VALUES (2, 111);
INSERT INTO `sys_role_menu` (`role_id`, `menu_id`) VALUES (2, 112);
INSERT INTO `sys_role_menu` (`role_id`, `menu_id`) VALUES (2, 113);
INSERT INTO `sys_role_menu` (`role_id`, `menu_id`) VALUES (2, 114);
INSERT INTO `sys_role_menu` (`role_id`, `menu_id`) VALUES (2, 115);
INSERT INTO `sys_role_menu` (`role_id`, `menu_id`) VALUES (2, 116);
INSERT INTO `sys_role_menu` (`role_id`, `menu_id`) VALUES (2, 500);
INSERT INTO `sys_role_menu` (`role_id`, `menu_id`) VALUES (2, 501);
INSERT INTO `sys_role_menu` (`role_id`, `menu_id`) VALUES (2, 1000);
INSERT INTO `sys_role_menu` (`role_id`, `menu_id`) VALUES (2, 1001);
INSERT INTO `sys_role_menu` (`role_id`, `menu_id`) VALUES (2, 1002);
INSERT INTO `sys_role_menu` (`role_id`, `menu_id`) VALUES (2, 1003);
INSERT INTO `sys_role_menu` (`role_id`, `menu_id`) VALUES (2, 1004);
INSERT INTO `sys_role_menu` (`role_id`, `menu_id`) VALUES (2, 1005);
INSERT INTO `sys_role_menu` (`role_id`, `menu_id`) VALUES (2, 1006);
INSERT INTO `sys_role_menu` (`role_id`, `menu_id`) VALUES (2, 1007);
INSERT INTO `sys_role_menu` (`role_id`, `menu_id`) VALUES (2, 1008);
INSERT INTO `sys_role_menu` (`role_id`, `menu_id`) VALUES (2, 1009);
INSERT INTO `sys_role_menu` (`role_id`, `menu_id`) VALUES (2, 1010);
INSERT INTO `sys_role_menu` (`role_id`, `menu_id`) VALUES (2, 1011);
INSERT INTO `sys_role_menu` (`role_id`, `menu_id`) VALUES (2, 1012);
INSERT INTO `sys_role_menu` (`role_id`, `menu_id`) VALUES (2, 1013);
INSERT INTO `sys_role_menu` (`role_id`, `menu_id`) VALUES (2, 1014);
INSERT INTO `sys_role_menu` (`role_id`, `menu_id`) VALUES (2, 1015);
INSERT INTO `sys_role_menu` (`role_id`, `menu_id`) VALUES (2, 1016);
INSERT INTO `sys_role_menu` (`role_id`, `menu_id`) VALUES (2, 1017);
INSERT INTO `sys_role_menu` (`role_id`, `menu_id`) VALUES (2, 1018);
INSERT INTO `sys_role_menu` (`role_id`, `menu_id`) VALUES (2, 1019);
INSERT INTO `sys_role_menu` (`role_id`, `menu_id`) VALUES (2, 1020);
INSERT INTO `sys_role_menu` (`role_id`, `menu_id`) VALUES (2, 1021);
INSERT INTO `sys_role_menu` (`role_id`, `menu_id`) VALUES (2, 1022);
INSERT INTO `sys_role_menu` (`role_id`, `menu_id`) VALUES (2, 1023);
INSERT INTO `sys_role_menu` (`role_id`, `menu_id`) VALUES (2, 1024);
INSERT INTO `sys_role_menu` (`role_id`, `menu_id`) VALUES (2, 1025);
INSERT INTO `sys_role_menu` (`role_id`, `menu_id`) VALUES (2, 1026);
INSERT INTO `sys_role_menu` (`role_id`, `menu_id`) VALUES (2, 1027);
INSERT INTO `sys_role_menu` (`role_id`, `menu_id`) VALUES (2, 1028);
INSERT INTO `sys_role_menu` (`role_id`, `menu_id`) VALUES (2, 1029);
INSERT INTO `sys_role_menu` (`role_id`, `menu_id`) VALUES (2, 1030);
INSERT INTO `sys_role_menu` (`role_id`, `menu_id`) VALUES (2, 1031);
INSERT INTO `sys_role_menu` (`role_id`, `menu_id`) VALUES (2, 1032);
INSERT INTO `sys_role_menu` (`role_id`, `menu_id`) VALUES (2, 1033);
INSERT INTO `sys_role_menu` (`role_id`, `menu_id`) VALUES (2, 1034);
INSERT INTO `sys_role_menu` (`role_id`, `menu_id`) VALUES (2, 1035);
INSERT INTO `sys_role_menu` (`role_id`, `menu_id`) VALUES (2, 1036);
INSERT INTO `sys_role_menu` (`role_id`, `menu_id`) VALUES (2, 1037);
INSERT INTO `sys_role_menu` (`role_id`, `menu_id`) VALUES (2, 1038);
INSERT INTO `sys_role_menu` (`role_id`, `menu_id`) VALUES (2, 1039);
INSERT INTO `sys_role_menu` (`role_id`, `menu_id`) VALUES (2, 1040);
INSERT INTO `sys_role_menu` (`role_id`, `menu_id`) VALUES (2, 1041);
INSERT INTO `sys_role_menu` (`role_id`, `menu_id`) VALUES (2, 1042);
INSERT INTO `sys_role_menu` (`role_id`, `menu_id`) VALUES (2, 1043);
INSERT INTO `sys_role_menu` (`role_id`, `menu_id`) VALUES (2, 1044);
INSERT INTO `sys_role_menu` (`role_id`, `menu_id`) VALUES (2, 1045);
INSERT INTO `sys_role_menu` (`role_id`, `menu_id`) VALUES (2, 1046);
INSERT INTO `sys_role_menu` (`role_id`, `menu_id`) VALUES (2, 1047);
INSERT INTO `sys_role_menu` (`role_id`, `menu_id`) VALUES (2, 1048);
INSERT INTO `sys_role_menu` (`role_id`, `menu_id`) VALUES (2, 1049);
INSERT INTO `sys_role_menu` (`role_id`, `menu_id`) VALUES (2, 1050);
INSERT INTO `sys_role_menu` (`role_id`, `menu_id`) VALUES (2, 1051);
INSERT INTO `sys_role_menu` (`role_id`, `menu_id`) VALUES (2, 1052);
INSERT INTO `sys_role_menu` (`role_id`, `menu_id`) VALUES (2, 1053);
INSERT INTO `sys_role_menu` (`role_id`, `menu_id`) VALUES (2, 1054);
INSERT INTO `sys_role_menu` (`role_id`, `menu_id`) VALUES (2, 1055);
INSERT INTO `sys_role_menu` (`role_id`, `menu_id`) VALUES (2, 1056);
INSERT INTO `sys_role_menu` (`role_id`, `menu_id`) VALUES (2, 1057);
INSERT INTO `sys_role_menu` (`role_id`, `menu_id`) VALUES (2, 1058);
INSERT INTO `sys_role_menu` (`role_id`, `menu_id`) VALUES (2, 1059);
INSERT INTO `sys_role_menu` (`role_id`, `menu_id`) VALUES (2, 1060);
INSERT INTO `sys_role_menu` (`role_id`, `menu_id`) VALUES (100, 1);
INSERT INTO `sys_role_menu` (`role_id`, `menu_id`) VALUES (100, 105);
INSERT INTO `sys_role_menu` (`role_id`, `menu_id`) VALUES (100, 1026);
INSERT INTO `sys_role_menu` (`role_id`, `menu_id`) VALUES (100, 2096);
INSERT INTO `sys_role_menu` (`role_id`, `menu_id`) VALUES (100, 2097);
INSERT INTO `sys_role_menu` (`role_id`, `menu_id`) VALUES (100, 2098);
INSERT INTO `sys_role_menu` (`role_id`, `menu_id`) VALUES (100, 2099);
INSERT INTO `sys_role_menu` (`role_id`, `menu_id`) VALUES (100, 2100);
INSERT INTO `sys_role_menu` (`role_id`, `menu_id`) VALUES (100, 2101);
INSERT INTO `sys_role_menu` (`role_id`, `menu_id`) VALUES (100, 2102);
INSERT INTO `sys_role_menu` (`role_id`, `menu_id`) VALUES (100, 2103);
INSERT INTO `sys_role_menu` (`role_id`, `menu_id`) VALUES (100, 2104);
INSERT INTO `sys_role_menu` (`role_id`, `menu_id`) VALUES (100, 2105);
INSERT INTO `sys_role_menu` (`role_id`, `menu_id`) VALUES (100, 2106);
INSERT INTO `sys_role_menu` (`role_id`, `menu_id`) VALUES (100, 2107);
INSERT INTO `sys_role_menu` (`role_id`, `menu_id`) VALUES (100, 2108);
INSERT INTO `sys_role_menu` (`role_id`, `menu_id`) VALUES (100, 2109);
INSERT INTO `sys_role_menu` (`role_id`, `menu_id`) VALUES (100, 2110);
INSERT INTO `sys_role_menu` (`role_id`, `menu_id`) VALUES (100, 2111);
INSERT INTO `sys_role_menu` (`role_id`, `menu_id`) VALUES (100, 2112);
INSERT INTO `sys_role_menu` (`role_id`, `menu_id`) VALUES (100, 2113);
INSERT INTO `sys_role_menu` (`role_id`, `menu_id`) VALUES (100, 2114);
INSERT INTO `sys_role_menu` (`role_id`, `menu_id`) VALUES (100, 2115);
INSERT INTO `sys_role_menu` (`role_id`, `menu_id`) VALUES (100, 2116);
INSERT INTO `sys_role_menu` (`role_id`, `menu_id`) VALUES (100, 2117);
INSERT INTO `sys_role_menu` (`role_id`, `menu_id`) VALUES (100, 2118);
INSERT INTO `sys_role_menu` (`role_id`, `menu_id`) VALUES (100, 2119);
INSERT INTO `sys_role_menu` (`role_id`, `menu_id`) VALUES (100, 2120);
INSERT INTO `sys_role_menu` (`role_id`, `menu_id`) VALUES (100, 2121);
INSERT INTO `sys_role_menu` (`role_id`, `menu_id`) VALUES (100, 2122);
INSERT INTO `sys_role_menu` (`role_id`, `menu_id`) VALUES (100, 2123);
INSERT INTO `sys_role_menu` (`role_id`, `menu_id`) VALUES (100, 2124);
INSERT INTO `sys_role_menu` (`role_id`, `menu_id`) VALUES (100, 2125);
INSERT INTO `sys_role_menu` (`role_id`, `menu_id`) VALUES (100, 2126);
INSERT INTO `sys_role_menu` (`role_id`, `menu_id`) VALUES (100, 2127);
INSERT INTO `sys_role_menu` (`role_id`, `menu_id`) VALUES (100, 2128);
INSERT INTO `sys_role_menu` (`role_id`, `menu_id`) VALUES (100, 2129);
INSERT INTO `sys_role_menu` (`role_id`, `menu_id`) VALUES (100, 2130);
INSERT INTO `sys_role_menu` (`role_id`, `menu_id`) VALUES (100, 2131);
INSERT INTO `sys_role_menu` (`role_id`, `menu_id`) VALUES (100, 2132);
INSERT INTO `sys_role_menu` (`role_id`, `menu_id`) VALUES (100, 2133);
INSERT INTO `sys_role_menu` (`role_id`, `menu_id`) VALUES (100, 2134);
INSERT INTO `sys_role_menu` (`role_id`, `menu_id`) VALUES (100, 2135);
INSERT INTO `sys_role_menu` (`role_id`, `menu_id`) VALUES (100, 2136);
INSERT INTO `sys_role_menu` (`role_id`, `menu_id`) VALUES (100, 2137);
INSERT INTO `sys_role_menu` (`role_id`, `menu_id`) VALUES (100, 2138);
INSERT INTO `sys_role_menu` (`role_id`, `menu_id`) VALUES (100, 2139);
INSERT INTO `sys_role_menu` (`role_id`, `menu_id`) VALUES (100, 2140);
INSERT INTO `sys_role_menu` (`role_id`, `menu_id`) VALUES (100, 2141);
INSERT INTO `sys_role_menu` (`role_id`, `menu_id`) VALUES (100, 2142);
INSERT INTO `sys_role_menu` (`role_id`, `menu_id`) VALUES (100, 2143);
INSERT INTO `sys_role_menu` (`role_id`, `menu_id`) VALUES (100, 2144);
INSERT INTO `sys_role_menu` (`role_id`, `menu_id`) VALUES (100, 2145);
INSERT INTO `sys_role_menu` (`role_id`, `menu_id`) VALUES (100, 2146);
INSERT INTO `sys_role_menu` (`role_id`, `menu_id`) VALUES (100, 2147);
INSERT INTO `sys_role_menu` (`role_id`, `menu_id`) VALUES (100, 2148);
INSERT INTO `sys_role_menu` (`role_id`, `menu_id`) VALUES (100, 2149);
INSERT INTO `sys_role_menu` (`role_id`, `menu_id`) VALUES (100, 2150);
INSERT INTO `sys_role_menu` (`role_id`, `menu_id`) VALUES (100, 2151);
INSERT INTO `sys_role_menu` (`role_id`, `menu_id`) VALUES (100, 2152);
INSERT INTO `sys_role_menu` (`role_id`, `menu_id`) VALUES (100, 2153);
INSERT INTO `sys_role_menu` (`role_id`, `menu_id`) VALUES (100, 2154);
INSERT INTO `sys_role_menu` (`role_id`, `menu_id`) VALUES (100, 2155);
INSERT INTO `sys_role_menu` (`role_id`, `menu_id`) VALUES (100, 2156);
INSERT INTO `sys_role_menu` (`role_id`, `menu_id`) VALUES (100, 2157);
INSERT INTO `sys_role_menu` (`role_id`, `menu_id`) VALUES (100, 2158);
INSERT INTO `sys_role_menu` (`role_id`, `menu_id`) VALUES (100, 2159);
INSERT INTO `sys_role_menu` (`role_id`, `menu_id`) VALUES (100, 2160);
INSERT INTO `sys_role_menu` (`role_id`, `menu_id`) VALUES (100, 2161);
INSERT INTO `sys_role_menu` (`role_id`, `menu_id`) VALUES (100, 2162);
INSERT INTO `sys_role_menu` (`role_id`, `menu_id`) VALUES (100, 2163);
INSERT INTO `sys_role_menu` (`role_id`, `menu_id`) VALUES (100, 2164);
INSERT INTO `sys_role_menu` (`role_id`, `menu_id`) VALUES (100, 2165);
INSERT INTO `sys_role_menu` (`role_id`, `menu_id`) VALUES (100, 2166);
INSERT INTO `sys_role_menu` (`role_id`, `menu_id`) VALUES (100, 2167);
INSERT INTO `sys_role_menu` (`role_id`, `menu_id`) VALUES (100, 2168);
INSERT INTO `sys_role_menu` (`role_id`, `menu_id`) VALUES (100, 2169);
INSERT INTO `sys_role_menu` (`role_id`, `menu_id`) VALUES (100, 2170);
INSERT INTO `sys_role_menu` (`role_id`, `menu_id`) VALUES (100, 2171);
INSERT INTO `sys_role_menu` (`role_id`, `menu_id`) VALUES (100, 2172);
INSERT INTO `sys_role_menu` (`role_id`, `menu_id`) VALUES (100, 2173);
INSERT INTO `sys_role_menu` (`role_id`, `menu_id`) VALUES (100, 2174);
INSERT INTO `sys_role_menu` (`role_id`, `menu_id`) VALUES (100, 2175);
INSERT INTO `sys_role_menu` (`role_id`, `menu_id`) VALUES (100, 2176);
INSERT INTO `sys_role_menu` (`role_id`, `menu_id`) VALUES (100, 2177);
INSERT INTO `sys_role_menu` (`role_id`, `menu_id`) VALUES (100, 2178);
INSERT INTO `sys_role_menu` (`role_id`, `menu_id`) VALUES (100, 2179);
INSERT INTO `sys_role_menu` (`role_id`, `menu_id`) VALUES (100, 2180);
INSERT INTO `sys_role_menu` (`role_id`, `menu_id`) VALUES (100, 2181);
INSERT INTO `sys_role_menu` (`role_id`, `menu_id`) VALUES (100, 2182);
INSERT INTO `sys_role_menu` (`role_id`, `menu_id`) VALUES (100, 2183);
INSERT INTO `sys_role_menu` (`role_id`, `menu_id`) VALUES (100, 2184);
INSERT INTO `sys_role_menu` (`role_id`, `menu_id`) VALUES (100, 2185);
INSERT INTO `sys_role_menu` (`role_id`, `menu_id`) VALUES (100, 2186);
INSERT INTO `sys_role_menu` (`role_id`, `menu_id`) VALUES (100, 2187);
INSERT INTO `sys_role_menu` (`role_id`, `menu_id`) VALUES (100, 2188);
INSERT INTO `sys_role_menu` (`role_id`, `menu_id`) VALUES (100, 2189);
INSERT INTO `sys_role_menu` (`role_id`, `menu_id`) VALUES (100, 2190);
INSERT INTO `sys_role_menu` (`role_id`, `menu_id`) VALUES (100, 2191);
INSERT INTO `sys_role_menu` (`role_id`, `menu_id`) VALUES (100, 2192);
INSERT INTO `sys_role_menu` (`role_id`, `menu_id`) VALUES (100, 2193);
INSERT INTO `sys_role_menu` (`role_id`, `menu_id`) VALUES (100, 2194);
INSERT INTO `sys_role_menu` (`role_id`, `menu_id`) VALUES (100, 2195);
INSERT INTO `sys_role_menu` (`role_id`, `menu_id`) VALUES (100, 2196);
INSERT INTO `sys_role_menu` (`role_id`, `menu_id`) VALUES (100, 2197);
INSERT INTO `sys_role_menu` (`role_id`, `menu_id`) VALUES (100, 2198);
INSERT INTO `sys_role_menu` (`role_id`, `menu_id`) VALUES (100, 2199);
INSERT INTO `sys_role_menu` (`role_id`, `menu_id`) VALUES (100, 2200);
INSERT INTO `sys_role_menu` (`role_id`, `menu_id`) VALUES (101, 1);
INSERT INTO `sys_role_menu` (`role_id`, `menu_id`) VALUES (101, 107);
INSERT INTO `sys_role_menu` (`role_id`, `menu_id`) VALUES (101, 1026);
INSERT INTO `sys_role_menu` (`role_id`, `menu_id`) VALUES (101, 1036);
INSERT INTO `sys_role_menu` (`role_id`, `menu_id`) VALUES (101, 2096);
INSERT INTO `sys_role_menu` (`role_id`, `menu_id`) VALUES (101, 2097);
INSERT INTO `sys_role_menu` (`role_id`, `menu_id`) VALUES (101, 2098);
INSERT INTO `sys_role_menu` (`role_id`, `menu_id`) VALUES (101, 2099);
INSERT INTO `sys_role_menu` (`role_id`, `menu_id`) VALUES (101, 2100);
INSERT INTO `sys_role_menu` (`role_id`, `menu_id`) VALUES (101, 2101);
INSERT INTO `sys_role_menu` (`role_id`, `menu_id`) VALUES (101, 2102);
INSERT INTO `sys_role_menu` (`role_id`, `menu_id`) VALUES (101, 2103);
INSERT INTO `sys_role_menu` (`role_id`, `menu_id`) VALUES (101, 2104);
INSERT INTO `sys_role_menu` (`role_id`, `menu_id`) VALUES (101, 2105);
INSERT INTO `sys_role_menu` (`role_id`, `menu_id`) VALUES (101, 2106);
INSERT INTO `sys_role_menu` (`role_id`, `menu_id`) VALUES (101, 2107);
INSERT INTO `sys_role_menu` (`role_id`, `menu_id`) VALUES (101, 2108);
INSERT INTO `sys_role_menu` (`role_id`, `menu_id`) VALUES (101, 2109);
INSERT INTO `sys_role_menu` (`role_id`, `menu_id`) VALUES (101, 2110);
INSERT INTO `sys_role_menu` (`role_id`, `menu_id`) VALUES (101, 2111);
INSERT INTO `sys_role_menu` (`role_id`, `menu_id`) VALUES (101, 2112);
INSERT INTO `sys_role_menu` (`role_id`, `menu_id`) VALUES (101, 2113);
INSERT INTO `sys_role_menu` (`role_id`, `menu_id`) VALUES (101, 2114);
INSERT INTO `sys_role_menu` (`role_id`, `menu_id`) VALUES (101, 2115);
INSERT INTO `sys_role_menu` (`role_id`, `menu_id`) VALUES (101, 2116);
INSERT INTO `sys_role_menu` (`role_id`, `menu_id`) VALUES (101, 2117);
INSERT INTO `sys_role_menu` (`role_id`, `menu_id`) VALUES (101, 2118);
INSERT INTO `sys_role_menu` (`role_id`, `menu_id`) VALUES (101, 2119);
INSERT INTO `sys_role_menu` (`role_id`, `menu_id`) VALUES (101, 2120);
INSERT INTO `sys_role_menu` (`role_id`, `menu_id`) VALUES (101, 2121);
INSERT INTO `sys_role_menu` (`role_id`, `menu_id`) VALUES (101, 2122);
INSERT INTO `sys_role_menu` (`role_id`, `menu_id`) VALUES (101, 2123);
INSERT INTO `sys_role_menu` (`role_id`, `menu_id`) VALUES (101, 2124);
INSERT INTO `sys_role_menu` (`role_id`, `menu_id`) VALUES (101, 2125);
INSERT INTO `sys_role_menu` (`role_id`, `menu_id`) VALUES (101, 2126);
INSERT INTO `sys_role_menu` (`role_id`, `menu_id`) VALUES (101, 2127);
INSERT INTO `sys_role_menu` (`role_id`, `menu_id`) VALUES (101, 2128);
INSERT INTO `sys_role_menu` (`role_id`, `menu_id`) VALUES (101, 2129);
INSERT INTO `sys_role_menu` (`role_id`, `menu_id`) VALUES (101, 2130);
INSERT INTO `sys_role_menu` (`role_id`, `menu_id`) VALUES (101, 2131);
INSERT INTO `sys_role_menu` (`role_id`, `menu_id`) VALUES (101, 2132);
INSERT INTO `sys_role_menu` (`role_id`, `menu_id`) VALUES (101, 2133);
INSERT INTO `sys_role_menu` (`role_id`, `menu_id`) VALUES (101, 2138);
INSERT INTO `sys_role_menu` (`role_id`, `menu_id`) VALUES (101, 2139);
INSERT INTO `sys_role_menu` (`role_id`, `menu_id`) VALUES (101, 2144);
INSERT INTO `sys_role_menu` (`role_id`, `menu_id`) VALUES (101, 2145);
INSERT INTO `sys_role_menu` (`role_id`, `menu_id`) VALUES (101, 2146);
INSERT INTO `sys_role_menu` (`role_id`, `menu_id`) VALUES (101, 2147);
INSERT INTO `sys_role_menu` (`role_id`, `menu_id`) VALUES (101, 2148);
INSERT INTO `sys_role_menu` (`role_id`, `menu_id`) VALUES (101, 2149);
INSERT INTO `sys_role_menu` (`role_id`, `menu_id`) VALUES (101, 2150);
INSERT INTO `sys_role_menu` (`role_id`, `menu_id`) VALUES (101, 2151);
INSERT INTO `sys_role_menu` (`role_id`, `menu_id`) VALUES (101, 2152);
INSERT INTO `sys_role_menu` (`role_id`, `menu_id`) VALUES (101, 2153);
INSERT INTO `sys_role_menu` (`role_id`, `menu_id`) VALUES (101, 2154);
INSERT INTO `sys_role_menu` (`role_id`, `menu_id`) VALUES (101, 2155);
INSERT INTO `sys_role_menu` (`role_id`, `menu_id`) VALUES (101, 2156);
INSERT INTO `sys_role_menu` (`role_id`, `menu_id`) VALUES (101, 2157);
INSERT INTO `sys_role_menu` (`role_id`, `menu_id`) VALUES (101, 2158);
INSERT INTO `sys_role_menu` (`role_id`, `menu_id`) VALUES (101, 2162);
INSERT INTO `sys_role_menu` (`role_id`, `menu_id`) VALUES (101, 2163);
INSERT INTO `sys_role_menu` (`role_id`, `menu_id`) VALUES (101, 2168);
INSERT INTO `sys_role_menu` (`role_id`, `menu_id`) VALUES (101, 2169);
INSERT INTO `sys_role_menu` (`role_id`, `menu_id`) VALUES (101, 2174);
INSERT INTO `sys_role_menu` (`role_id`, `menu_id`) VALUES (101, 2175);
INSERT INTO `sys_role_menu` (`role_id`, `menu_id`) VALUES (101, 2180);
INSERT INTO `sys_role_menu` (`role_id`, `menu_id`) VALUES (101, 2181);
INSERT INTO `sys_role_menu` (`role_id`, `menu_id`) VALUES (101, 2182);
INSERT INTO `sys_role_menu` (`role_id`, `menu_id`) VALUES (101, 2183);
INSERT INTO `sys_role_menu` (`role_id`, `menu_id`) VALUES (101, 2184);
INSERT INTO `sys_role_menu` (`role_id`, `menu_id`) VALUES (101, 2185);
INSERT INTO `sys_role_menu` (`role_id`, `menu_id`) VALUES (101, 2186);
INSERT INTO `sys_role_menu` (`role_id`, `menu_id`) VALUES (101, 2187);
INSERT INTO `sys_role_menu` (`role_id`, `menu_id`) VALUES (101, 2188);
INSERT INTO `sys_role_menu` (`role_id`, `menu_id`) VALUES (101, 2189);
INSERT INTO `sys_role_menu` (`role_id`, `menu_id`) VALUES (101, 2190);
INSERT INTO `sys_role_menu` (`role_id`, `menu_id`) VALUES (101, 2191);
INSERT INTO `sys_role_menu` (`role_id`, `menu_id`) VALUES (101, 2192);
INSERT INTO `sys_role_menu` (`role_id`, `menu_id`) VALUES (101, 2193);
INSERT INTO `sys_role_menu` (`role_id`, `menu_id`) VALUES (101, 2194);
INSERT INTO `sys_role_menu` (`role_id`, `menu_id`) VALUES (101, 2195);
INSERT INTO `sys_role_menu` (`role_id`, `menu_id`) VALUES (101, 2196);
INSERT INTO `sys_role_menu` (`role_id`, `menu_id`) VALUES (101, 2197);
INSERT INTO `sys_role_menu` (`role_id`, `menu_id`) VALUES (101, 2198);
COMMIT;

-- ----------------------------
-- Table structure for sys_user
-- ----------------------------
DROP TABLE IF EXISTS `sys_user`;
CREATE TABLE `sys_user` (
  `user_id` bigint NOT NULL AUTO_INCREMENT COMMENT '用户ID',
  `dept_id` bigint DEFAULT NULL COMMENT '部门ID',
  `user_name` varchar(30) CHARACTER SET utf8mb4 COLLATE utf8mb4_general_ci NOT NULL COMMENT '用户账号',
  `nick_name` varchar(30) CHARACTER SET utf8mb4 COLLATE utf8mb4_general_ci DEFAULT NULL COMMENT '用户昵称',
  `user_type` varchar(2) CHARACTER SET utf8mb4 COLLATE utf8mb4_general_ci DEFAULT '00' COMMENT '用户类型（00系统用户）',
  `email` varchar(50) CHARACTER SET utf8mb4 COLLATE utf8mb4_general_ci DEFAULT '' COMMENT '用户邮箱',
  `phonenumber` varchar(11) CHARACTER SET utf8mb4 COLLATE utf8mb4_general_ci DEFAULT '' COMMENT '手机号码',
  `sex` char(1) CHARACTER SET utf8mb4 COLLATE utf8mb4_general_ci DEFAULT '0' COMMENT '用户性别（0男 1女 2未知）',
  `avatar` varchar(100) CHARACTER SET utf8mb4 COLLATE utf8mb4_general_ci DEFAULT '' COMMENT '头像地址',
  `password` varchar(100) CHARACTER SET utf8mb4 COLLATE utf8mb4_general_ci DEFAULT '' COMMENT '密码',
  `status` char(1) CHARACTER SET utf8mb4 COLLATE utf8mb4_general_ci DEFAULT '0' COMMENT '帐号状态（0正常 1停用）',
  `del_flag` char(1) CHARACTER SET utf8mb4 COLLATE utf8mb4_general_ci DEFAULT '0' COMMENT '删除标志（0代表存在 2代表删除）',
  `login_ip` varchar(128) CHARACTER SET utf8mb4 COLLATE utf8mb4_general_ci DEFAULT '' COMMENT '最后登录IP',
  `login_date` datetime DEFAULT NULL COMMENT '最后登录时间',
  `create_by` bigint DEFAULT NULL COMMENT '创建者',
  `create_time` datetime(3) DEFAULT NULL COMMENT '创建时间',
  `update_by` bigint DEFAULT NULL COMMENT '更新者',
  `update_time` datetime(3) DEFAULT NULL COMMENT '更新时间',
  `remark` varchar(500) CHARACTER SET utf8mb4 COLLATE utf8mb4_general_ci DEFAULT NULL COMMENT '备注',
  PRIMARY KEY (`user_id`) USING BTREE
) ENGINE=InnoDB AUTO_INCREMENT=121 DEFAULT CHARSET=utf8mb4 COLLATE=utf8mb4_general_ci ROW_FORMAT=DYNAMIC COMMENT='用户信息表';

-- ----------------------------
-- Records of sys_user
-- ----------------------------
BEGIN;
INSERT INTO `sys_user` (`user_id`, `dept_id`, `user_name`, `nick_name`, `user_type`, `email`, `phonenumber`, `sex`, `avatar`, `password`, `status`, `del_flag`, `login_ip`, `login_date`, `create_by`, `create_time`, `update_by`, `update_time`, `remark`) VALUES (1, 103, 'admin', '张成', '00', '1679167928@qq.com', '15888888888', '0', '', '$2a$10$gdllVsufyM6LA2F4Xz/2bOECtMSZTlYcU1vxd1ImlxG0VsQvwTAji', '0', '0', '127.0.0.1', '2023-03-15 09:30:51', 1, '2022-06-17 17:20:19.000', NULL, '2023-03-15 09:30:50.000', '管理员');
INSERT INTO `sys_user` (`user_id`, `dept_id`, `user_name`, `nick_name`, `user_type`, `email`, `phonenumber`, `sex`, `avatar`, `password`, `status`, `del_flag`, `login_ip`, `login_date`, `create_by`, `create_time`, `update_by`, `update_time`, `remark`) VALUES (115, 100, 'cyl', 'cyl', '00', '', '', '0', '', '$2a$10$7JB720yubVSZvUI0rEqK/.VqGOZTH.ulu33dHOiBE8ByOhJIrdAu2', '0', '0', '223.74.181.186', '2022-11-07 03:31:27', 1, '2022-11-04 17:06:20.000', NULL, '2022-11-07 11:31:27.000', NULL);
INSERT INTO `sys_user` (`user_id`, `dept_id`, `user_name`, `nick_name`, `user_type`, `email`, `phonenumber`, `sex`, `avatar`, `password`, `status`, `del_flag`, `login_ip`, `login_date`, `create_by`, `create_time`, `update_by`, `update_time`, `remark`) VALUES (116, NULL, '123', '123', '00', '', '', '0', '', '$2a$10$7JB720yubVSZvUI0rEqK/.VqGOZTH.ulu33dHOiBE8ByOhJIrdAu2', '0', '0', '127.0.0.1', '2023-01-14 01:43:15', NULL, '2023-01-12 16:20:42.000', 1, '2023-01-14 01:43:14.000', NULL);
INSERT INTO `sys_user` (`user_id`, `dept_id`, `user_name`, `nick_name`, `user_type`, `email`, `phonenumber`, `sex`, `avatar`, `password`, `status`, `del_flag`, `login_ip`, `login_date`, `create_by`, `create_time`, `update_by`, `update_time`, `remark`) VALUES (118, 100, 'wdm', 'wdm', '00', '', '', '0', '', '$2a$10$HEANGQH/pfoQyPlvDnBxyONvvWA8QlprM9i9w/7GKpkT2w.Q.tpWW', '0', '0', '127.0.0.1', '2023-03-08 12:42:03', NULL, '2023-01-14 02:08:54.000', 1, '2023-03-08 12:42:02.000', NULL);
INSERT INTO `sys_user` (`user_id`, `dept_id`, `user_name`, `nick_name`, `user_type`, `email`, `phonenumber`, `sex`, `avatar`, `password`, `status`, `del_flag`, `login_ip`, `login_date`, `create_by`, `create_time`, `update_by`, `update_time`, `remark`) VALUES (119, 102, 'cjq', 'cjq', '00', '', '', '0', '', '$2a$10$.Gfs6hbG.21niKiU6Oow2.ANqnvYqn4nxYEXSz5e.HEIBrWORaQ.e', '0', '0', '127.0.0.1', '2023-03-11 05:39:07', NULL, '2023-03-09 01:29:36.000', 1, '2023-03-11 05:39:07.000', NULL);
INSERT INTO `sys_user` (`user_id`, `dept_id`, `user_name`, `nick_name`, `user_type`, `email`, `phonenumber`, `sex`, `avatar`, `password`, `status`, `del_flag`, `login_ip`, `login_date`, `create_by`, `create_time`, `update_by`, `update_time`, `remark`) VALUES (120, 108, 'chenjunqin', 'cjq', '00', '', '', '0', '', '$2a$10$IkiM4jHJFoPTRt8B4j.ES.mleMYRfitkfd7SR1WVWHDvsS2/EJHhe', '0', '0', '1.1.1.1, 125.85.138.154', '2023-03-10 02:05:45', NULL, '2023-03-10 10:05:30.000', 1, '2023-03-10 14:47:05.000', NULL);
COMMIT;

-- ----------------------------
-- Table structure for sys_user_post
-- ----------------------------
DROP TABLE IF EXISTS `sys_user_post`;
CREATE TABLE `sys_user_post` (
  `user_id` bigint NOT NULL COMMENT '用户ID',
  `post_id` bigint NOT NULL COMMENT '岗位ID',
  PRIMARY KEY (`user_id`,`post_id`) USING BTREE
) ENGINE=InnoDB DEFAULT CHARSET=utf8mb4 COLLATE=utf8mb4_general_ci ROW_FORMAT=DYNAMIC COMMENT='用户与岗位关联表';

-- ----------------------------
-- Records of sys_user_post
-- ----------------------------
BEGIN;
INSERT INTO `sys_user_post` (`user_id`, `post_id`) VALUES (1, 1);
INSERT INTO `sys_user_post` (`user_id`, `post_id`) VALUES (115, 1);
COMMIT;

-- ----------------------------
-- Table structure for sys_user_role
-- ----------------------------
DROP TABLE IF EXISTS `sys_user_role`;
CREATE TABLE `sys_user_role` (
  `user_id` bigint NOT NULL COMMENT '用户ID',
  `role_id` bigint NOT NULL COMMENT '角色ID',
  PRIMARY KEY (`user_id`,`role_id`) USING BTREE
) ENGINE=InnoDB DEFAULT CHARSET=utf8mb4 COLLATE=utf8mb4_general_ci ROW_FORMAT=DYNAMIC COMMENT='用户和角色关联表';

-- ----------------------------
-- Records of sys_user_role
-- ----------------------------
BEGIN;
INSERT INTO `sys_user_role` (`user_id`, `role_id`) VALUES (1, 1);
INSERT INTO `sys_user_role` (`user_id`, `role_id`) VALUES (113, 100);
INSERT INTO `sys_user_role` (`user_id`, `role_id`) VALUES (114, 100);
INSERT INTO `sys_user_role` (`user_id`, `role_id`) VALUES (115, 100);
INSERT INTO `sys_user_role` (`user_id`, `role_id`) VALUES (116, 101);
INSERT INTO `sys_user_role` (`user_id`, `role_id`) VALUES (118, 101);
INSERT INTO `sys_user_role` (`user_id`, `role_id`) VALUES (119, 101);
INSERT INTO `sys_user_role` (`user_id`, `role_id`) VALUES (120, 101);
COMMIT;

-- ----------------------------
-- Table structure for wms_area
-- ----------------------------
DROP TABLE IF EXISTS `wms_area`;
CREATE TABLE `wms_area` (
  `id` bigint NOT NULL AUTO_INCREMENT,
  `area_no` varchar(20) CHARACTER SET utf8mb4 COLLATE utf8mb4_general_ci NOT NULL COMMENT '编号',
  `area_name` varchar(60) CHARACTER SET utf8mb4 COLLATE utf8mb4_general_ci NOT NULL COMMENT '名称',
  `warehouse_id` bigint NOT NULL COMMENT '所属仓库ID',
  `remark` varchar(255) CHARACTER SET utf8mb4 COLLATE utf8mb4_general_ci DEFAULT NULL COMMENT '备注',
  `del_flag` tinyint NOT NULL DEFAULT '0' COMMENT '删除标识',
  `create_by` bigint DEFAULT NULL COMMENT '创建人',
  `create_time` datetime(3) DEFAULT NULL COMMENT '创建时间',
  `update_by` bigint DEFAULT NULL COMMENT '修改人',
  `update_time` datetime(3) DEFAULT NULL COMMENT '修改时间',
  PRIMARY KEY (`id`) USING BTREE
) ENGINE=InnoDB AUTO_INCREMENT=43 DEFAULT CHARSET=utf8mb4 COLLATE=utf8mb4_general_ci ROW_FORMAT=DYNAMIC COMMENT='库区';

-- ----------------------------
-- Records of wms_area
-- ----------------------------
BEGIN;
INSERT INTO `wms_area` (`id`, `area_no`, `area_name`, `warehouse_id`, `remark`, `del_flag`, `create_by`, `create_time`, `update_by`, `update_time`) VALUES (2, '1', '1', 1, NULL, 1, 1, '2022-08-04 11:31:25.475', NULL, NULL);
INSERT INTO `wms_area` (`id`, `area_no`, `area_name`, `warehouse_id`, `remark`, `del_flag`, `create_by`, `create_time`, `update_by`, `update_time`) VALUES (3, '2', '1', 2, NULL, 1, 1, '2022-08-04 11:31:40.840', NULL, NULL);
INSERT INTO `wms_area` (`id`, `area_no`, `area_name`, `warehouse_id`, `remark`, `del_flag`, `create_by`, `create_time`, `update_by`, `update_time`) VALUES (4, '22', '222', 22, '2222', 1, 1, '2022-08-04 11:33:31.133', NULL, NULL);
INSERT INTO `wms_area` (`id`, `area_no`, `area_name`, `warehouse_id`, `remark`, `del_flag`, `create_by`, `create_time`, `update_by`, `update_time`) VALUES (5, '1', '1', 1, NULL, 1, 1, '2022-08-04 15:18:04.047', NULL, NULL);
INSERT INTO `wms_area` (`id`, `area_no`, `area_name`, `warehouse_id`, `remark`, `del_flag`, `create_by`, `create_time`, `update_by`, `update_time`) VALUES (6, '2', '2', 2, NULL, 1, 1, '2022-08-04 15:18:10.829', NULL, NULL);
INSERT INTO `wms_area` (`id`, `area_no`, `area_name`, `warehouse_id`, `remark`, `del_flag`, `create_by`, `create_time`, `update_by`, `update_time`) VALUES (7, '1', '2', 2, NULL, 1, 1, '2022-08-04 16:01:26.000', NULL, NULL);
INSERT INTO `wms_area` (`id`, `area_no`, `area_name`, `warehouse_id`, `remark`, `del_flag`, `create_by`, `create_time`, `update_by`, `update_time`) VALUES (8, '11', '11', 11, NULL, 1, 1, '2022-08-04 18:24:36.594', NULL, NULL);
INSERT INTO `wms_area` (`id`, `area_no`, `area_name`, `warehouse_id`, `remark`, `del_flag`, `create_by`, `create_time`, `update_by`, `update_time`) VALUES (9, '1', '1', 1, NULL, 1, 1, '2022-08-05 16:24:00.949', NULL, NULL);
INSERT INTO `wms_area` (`id`, `area_no`, `area_name`, `warehouse_id`, `remark`, `del_flag`, `create_by`, `create_time`, `update_by`, `update_time`) VALUES (10, '2', '2', 2, NULL, 1, 1, '2022-08-05 16:24:06.854', NULL, NULL);
INSERT INTO `wms_area` (`id`, `area_no`, `area_name`, `warehouse_id`, `remark`, `del_flag`, `create_by`, `create_time`, `update_by`, `update_time`) VALUES (11, '1', '1', 1, NULL, 1, 1, '2022-08-05 16:52:10.332', NULL, NULL);
INSERT INTO `wms_area` (`id`, `area_no`, `area_name`, `warehouse_id`, `remark`, `del_flag`, `create_by`, `create_time`, `update_by`, `update_time`) VALUES (12, '2', '2', 2, NULL, 1, 1, '2022-08-05 16:52:17.457', NULL, NULL);
INSERT INTO `wms_area` (`id`, `area_no`, `area_name`, `warehouse_id`, `remark`, `del_flag`, `create_by`, `create_time`, `update_by`, `update_time`) VALUES (13, 'suzhouxi', '苏州西', 2, 'suzhouxi', 0, 1, '2022-08-05 17:00:56.000', 1, '2023-03-09 09:28:43.182');
INSERT INTO `wms_area` (`id`, `area_no`, `area_name`, `warehouse_id`, `remark`, `del_flag`, `create_by`, `create_time`, `update_by`, `update_time`) VALUES (14, 'shanghainan', '上海南', 3, NULL, 0, 1, '2022-08-09 11:05:53.000', 115, '2022-11-07 11:23:22.427');
INSERT INTO `wms_area` (`id`, `area_no`, `area_name`, `warehouse_id`, `remark`, `del_flag`, `create_by`, `create_time`, `update_by`, `update_time`) VALUES (15, '877', '苏州东', 18, NULL, 0, 1, '2022-08-09 11:07:10.000', 1, '2023-03-09 09:28:47.196');
INSERT INTO `wms_area` (`id`, `area_no`, `area_name`, `warehouse_id`, `remark`, `del_flag`, `create_by`, `create_time`, `update_by`, `update_time`) VALUES (16, 'shx', '上海西', 3, NULL, 0, 1, '2022-08-09 16:49:57.000', 115, '2022-11-07 11:23:46.175');
INSERT INTO `wms_area` (`id`, `area_no`, `area_name`, `warehouse_id`, `remark`, `del_flag`, `create_by`, `create_time`, `update_by`, `update_time`) VALUES (17, '23', '南京北', 2, NULL, 0, 1, '2022-08-09 16:50:07.892', NULL, NULL);
INSERT INTO `wms_area` (`id`, `area_no`, `area_name`, `warehouse_id`, `remark`, `del_flag`, `create_by`, `create_time`, `update_by`, `update_time`) VALUES (18, '45', '南京西', 2, NULL, 0, 1, '2022-08-09 16:50:19.181', NULL, NULL);
INSERT INTO `wms_area` (`id`, `area_no`, `area_name`, `warehouse_id`, `remark`, `del_flag`, `create_by`, `create_time`, `update_by`, `update_time`) VALUES (19, '111', '111', 5, '111', 1, 1, '2022-08-29 12:09:38.000', 1, '2022-08-29 12:09:45.421');
INSERT INTO `wms_area` (`id`, `area_no`, `area_name`, `warehouse_id`, `remark`, `del_flag`, `create_by`, `create_time`, `update_by`, `update_time`) VALUES (20, 'sz11', '苏州中', 1, NULL, 0, 1, '2022-11-01 14:15:05.000', 115, '2022-11-07 11:24:37.509');
INSERT INTO `wms_area` (`id`, `area_no`, `area_name`, `warehouse_id`, `remark`, `del_flag`, `create_by`, `create_time`, `update_by`, `update_time`) VALUES (22, 'test1102', 'test', 1, NULL, 1, NULL, '2022-11-02 11:28:08.857', NULL, NULL);
INSERT INTO `wms_area` (`id`, `area_no`, `area_name`, `warehouse_id`, `remark`, `del_flag`, `create_by`, `create_time`, `update_by`, `update_time`) VALUES (23, 'test1102', 'test2', 1, NULL, 1, NULL, '2022-11-02 13:52:34.796', NULL, NULL);
INSERT INTO `wms_area` (`id`, `area_no`, `area_name`, `warehouse_id`, `remark`, `del_flag`, `create_by`, `create_time`, `update_by`, `update_time`) VALUES (24, 'test1102', 'test2', 1, NULL, 1, NULL, '2022-11-02 13:55:24.365', NULL, NULL);
INSERT INTO `wms_area` (`id`, `area_no`, `area_name`, `warehouse_id`, `remark`, `del_flag`, `create_by`, `create_time`, `update_by`, `update_time`) VALUES (25, 'test1102', 'test2', 1, NULL, 1, NULL, '2022-11-02 13:59:14.964', NULL, NULL);
INSERT INTO `wms_area` (`id`, `area_no`, `area_name`, `warehouse_id`, `remark`, `del_flag`, `create_by`, `create_time`, `update_by`, `update_time`) VALUES (26, 'test1102', 'test2', 1, NULL, 1, NULL, '2022-11-02 14:10:05.488', NULL, NULL);
INSERT INTO `wms_area` (`id`, `area_no`, `area_name`, `warehouse_id`, `remark`, `del_flag`, `create_by`, `create_time`, `update_by`, `update_time`) VALUES (35, 'test1102', 'test2', 1, NULL, 1, NULL, '2022-11-02 14:31:49.176', NULL, NULL);
INSERT INTO `wms_area` (`id`, `area_no`, `area_name`, `warehouse_id`, `remark`, `del_flag`, `create_by`, `create_time`, `update_by`, `update_time`) VALUES (36, 'test1102', 'test2', 1, NULL, 1, NULL, '2022-11-02 14:31:49.176', NULL, NULL);
INSERT INTO `wms_area` (`id`, `area_no`, `area_name`, `warehouse_id`, `remark`, `del_flag`, `create_by`, `create_time`, `update_by`, `update_time`) VALUES (39, 'test1102', 'test2', 1, NULL, 1, NULL, '2022-11-02 14:58:27.596', NULL, NULL);
INSERT INTO `wms_area` (`id`, `area_no`, `area_name`, `warehouse_id`, `remark`, `del_flag`, `create_by`, `create_time`, `update_by`, `update_time`) VALUES (40, 'test1102', 'test2', 1, NULL, 1, NULL, '2022-11-02 14:58:27.596', NULL, NULL);
INSERT INTO `wms_area` (`id`, `area_no`, `area_name`, `warehouse_id`, `remark`, `del_flag`, `create_by`, `create_time`, `update_by`, `update_time`) VALUES (41, 'cq-1-1', '一号仓库原料区', 18, NULL, 0, 1, '2023-01-13 15:55:55.448', NULL, NULL);
INSERT INTO `wms_area` (`id`, `area_no`, `area_name`, `warehouse_id`, `remark`, `del_flag`, `create_by`, `create_time`, `update_by`, `update_time`) VALUES (42, 'hlw-a', '互联网A区', 19, '衣服', 0, 1, '2023-03-10 23:13:46.000', 1, '2023-03-10 23:13:52.591');
COMMIT;

-- ----------------------------
-- Table structure for wms_carrier
-- ----------------------------
DROP TABLE IF EXISTS `wms_carrier`;
CREATE TABLE `wms_carrier` (
  `id` bigint NOT NULL AUTO_INCREMENT,
  `carrier_no` varchar(20) CHARACTER SET utf8mb4 COLLATE utf8mb4_general_ci NOT NULL COMMENT '编号',
  `carrier_name` varchar(60) CHARACTER SET utf8mb4 COLLATE utf8mb4_general_ci NOT NULL COMMENT '名称',
  `address` varchar(80) CHARACTER SET utf8mb4 COLLATE utf8mb4_general_ci DEFAULT NULL COMMENT '地址',
  `mobile` varchar(13) CHARACTER SET utf8mb4 COLLATE utf8mb4_general_ci DEFAULT NULL COMMENT '手机号',
  `tel` varchar(13) CHARACTER SET utf8mb4 COLLATE utf8mb4_general_ci DEFAULT NULL COMMENT '座机号',
  `contact` varchar(30) CHARACTER SET utf8mb4 COLLATE utf8mb4_general_ci DEFAULT NULL COMMENT '联系人',
  `level` varchar(10) CHARACTER SET utf8mb4 COLLATE utf8mb4_general_ci DEFAULT NULL COMMENT '级别',
  `email` varchar(50) CHARACTER SET utf8mb4 COLLATE utf8mb4_general_ci DEFAULT NULL COMMENT 'Email',
  `remark` varchar(255) CHARACTER SET utf8mb4 COLLATE utf8mb4_general_ci DEFAULT NULL COMMENT '备注',
  `del_flag` tinyint NOT NULL DEFAULT '0' COMMENT '删除标识',
  `create_by` bigint DEFAULT NULL COMMENT '创建人',
  `create_time` datetime(3) DEFAULT NULL COMMENT '创建时间',
  `update_by` bigint DEFAULT NULL COMMENT '修改人',
  `update_time` datetime(3) DEFAULT NULL COMMENT '修改时间',
  PRIMARY KEY (`id`) USING BTREE
) ENGINE=InnoDB AUTO_INCREMENT=4 DEFAULT CHARSET=utf8mb4 COLLATE=utf8mb4_general_ci ROW_FORMAT=DYNAMIC COMMENT='承运商';

-- ----------------------------
-- Records of wms_carrier
-- ----------------------------
BEGIN;
INSERT INTO `wms_carrier` (`id`, `carrier_no`, `carrier_name`, `address`, `mobile`, `tel`, `contact`, `level`, `email`, `remark`, `del_flag`, `create_by`, `create_time`, `update_by`, `update_time`) VALUES (1, 'sf', '顺丰快运', '重庆', '18010008888', '0512-52251234', '李', '第一级', '', '', 0, 1, '2022-07-29 18:04:11.000', 1, '2023-01-13 14:53:13.450');
INSERT INTO `wms_carrier` (`id`, `carrier_no`, `carrier_name`, `address`, `mobile`, `tel`, `contact`, `level`, `email`, `remark`, `del_flag`, `create_by`, `create_time`, `update_by`, `update_time`) VALUES (2, 'zt', '中通快递', '重庆江北', NULL, NULL, NULL, NULL, NULL, NULL, 0, 1, '2023-03-04 21:27:15.542', NULL, NULL);
INSERT INTO `wms_carrier` (`id`, `carrier_no`, `carrier_name`, `address`, `mobile`, `tel`, `contact`, `level`, `email`, `remark`, `del_flag`, `create_by`, `create_time`, `update_by`, `update_time`) VALUES (3, 'yd', '韵达快递', '2323', NULL, NULL, NULL, NULL, NULL, NULL, 0, 119, '2023-03-11 10:41:50.401', NULL, NULL);
COMMIT;

-- ----------------------------
-- Table structure for wms_customer
-- ----------------------------
DROP TABLE IF EXISTS `wms_customer`;
CREATE TABLE `wms_customer` (
  `id` bigint NOT NULL AUTO_INCREMENT,
  `customer_no` varchar(20) CHARACTER SET utf8mb4 COLLATE utf8mb4_general_ci NOT NULL COMMENT '编号',
  `customer_name` varchar(60) CHARACTER SET utf8mb4 COLLATE utf8mb4_general_ci NOT NULL COMMENT '名称',
  `address` varchar(200) CHARACTER SET utf8mb4 COLLATE utf8mb4_general_ci DEFAULT NULL COMMENT '地址',
  `mobile` varchar(13) CHARACTER SET utf8mb4 COLLATE utf8mb4_general_ci DEFAULT NULL COMMENT '手机号',
  `tel` varchar(13) CHARACTER SET utf8mb4 COLLATE utf8mb4_general_ci DEFAULT NULL COMMENT '座机号',
  `customer_person` varchar(30) CHARACTER SET utf8mb4 COLLATE utf8mb4_general_ci DEFAULT NULL COMMENT '联系人',
  `customer_level` varchar(10) CHARACTER SET utf8mb4 COLLATE utf8mb4_general_ci DEFAULT NULL COMMENT '级别',
  `email` varchar(50) CHARACTER SET utf8mb4 COLLATE utf8mb4_general_ci DEFAULT NULL COMMENT 'Email',
  `remark` varchar(255) CHARACTER SET utf8mb4 COLLATE utf8mb4_general_ci DEFAULT NULL COMMENT '备注',
  `del_flag` tinyint NOT NULL DEFAULT '0' COMMENT '删除标识',
  `create_by` bigint DEFAULT NULL COMMENT '创建人',
  `create_time` datetime(3) DEFAULT NULL COMMENT '创建时间',
  `update_by` bigint DEFAULT NULL COMMENT '修改人',
  `update_time` datetime(3) DEFAULT NULL COMMENT '修改时间',
  PRIMARY KEY (`id`) USING BTREE
) ENGINE=InnoDB AUTO_INCREMENT=10 DEFAULT CHARSET=utf8mb4 COLLATE=utf8mb4_general_ci ROW_FORMAT=DYNAMIC COMMENT='客户';

-- ----------------------------
-- Records of wms_customer
-- ----------------------------
BEGIN;
INSERT INTO `wms_customer` (`id`, `customer_no`, `customer_name`, `address`, `mobile`, `tel`, `customer_person`, `customer_level`, `email`, `remark`, `del_flag`, `create_by`, `create_time`, `update_by`, `update_time`) VALUES (1, '1', '1', '1', '1', '1', '1', NULL, NULL, NULL, 1, 1, '2022-07-29 18:16:17.761', NULL, NULL);
INSERT INTO `wms_customer` (`id`, `customer_no`, `customer_name`, `address`, `mobile`, `tel`, `customer_person`, `customer_level`, `email`, `remark`, `del_flag`, `create_by`, `create_time`, `update_by`, `update_time`) VALUES (2, '1', '1', '1', '1', '1', '1', '1', '1', '1', 1, 1, '2022-08-04 15:28:11.436', NULL, NULL);
INSERT INTO `wms_customer` (`id`, `customer_no`, `customer_name`, `address`, `mobile`, `tel`, `customer_person`, `customer_level`, `email`, `remark`, `del_flag`, `create_by`, `create_time`, `update_by`, `update_time`) VALUES (3, '1', '1', NULL, NULL, NULL, NULL, NULL, NULL, '1', 1, 1, '2022-08-04 18:24:50.963', NULL, NULL);
INSERT INTO `wms_customer` (`id`, `customer_no`, `customer_name`, `address`, `mobile`, `tel`, `customer_person`, `customer_level`, `email`, `remark`, `del_flag`, `create_by`, `create_time`, `update_by`, `update_time`) VALUES (4, '1', '重庆xxx', '大学城东路1号', '18923709707', '023-12345678', '李先生', '1', NULL, NULL, 0, 1, '2022-08-11 21:14:54.000', 1, '2023-01-13 14:52:56.355');
INSERT INTO `wms_customer` (`id`, `customer_no`, `customer_name`, `address`, `mobile`, `tel`, `customer_person`, `customer_level`, `email`, `remark`, `del_flag`, `create_by`, `create_time`, `update_by`, `update_time`) VALUES (5, '111', '1111', NULL, NULL, NULL, NULL, NULL, NULL, NULL, 1, 1, '2022-08-11 21:32:58.323', NULL, NULL);
INSERT INTO `wms_customer` (`id`, `customer_no`, `customer_name`, `address`, `mobile`, `tel`, `customer_person`, `customer_level`, `email`, `remark`, `del_flag`, `create_by`, `create_time`, `update_by`, `update_time`) VALUES (6, '1111', '1111', NULL, NULL, NULL, NULL, NULL, NULL, NULL, 1, NULL, '2022-08-13 13:52:47.891', NULL, NULL);
INSERT INTO `wms_customer` (`id`, `customer_no`, `customer_name`, `address`, `mobile`, `tel`, `customer_person`, `customer_level`, `email`, `remark`, `del_flag`, `create_by`, `create_time`, `update_by`, `update_time`) VALUES (7, '1111', '1111', NULL, NULL, NULL, NULL, NULL, NULL, NULL, 1, NULL, '2022-08-13 13:52:48.793', NULL, NULL);
INSERT INTO `wms_customer` (`id`, `customer_no`, `customer_name`, `address`, `mobile`, `tel`, `customer_person`, `customer_level`, `email`, `remark`, `del_flag`, `create_by`, `create_time`, `update_by`, `update_time`) VALUES (8, 'sss', 'sss', NULL, NULL, NULL, NULL, NULL, NULL, NULL, 1, NULL, '2022-08-13 13:54:10.586', NULL, NULL);
INSERT INTO `wms_customer` (`id`, `customer_no`, `customer_name`, `address`, `mobile`, `tel`, `customer_person`, `customer_level`, `email`, `remark`, `del_flag`, `create_by`, `create_time`, `update_by`, `update_time`) VALUES (9, '11', '111', NULL, NULL, NULL, NULL, NULL, NULL, NULL, 1, 1, '2022-08-13 13:57:05.004', NULL, NULL);
COMMIT;

-- ----------------------------
-- Table structure for wms_delivery
-- ----------------------------
DROP TABLE IF EXISTS `wms_delivery`;
CREATE TABLE `wms_delivery` (
  `id` bigint NOT NULL AUTO_INCREMENT,
  `shipment_order_id` bigint DEFAULT NULL COMMENT '出库单主表Id',
  `carrier_id` bigint DEFAULT NULL COMMENT '承运商Id',
  `delivery_date` datetime(3) DEFAULT NULL COMMENT '发货日期',
  `tracking_no` varchar(50) CHARACTER SET utf8mb4 COLLATE utf8mb4_general_ci DEFAULT NULL COMMENT '快递单号',
  `remark` varchar(255) CHARACTER SET utf8mb4 COLLATE utf8mb4_general_ci DEFAULT NULL COMMENT '备注',
  `del_flag` tinyint NOT NULL DEFAULT '0' COMMENT '删除标识',
  `create_by` bigint DEFAULT NULL COMMENT '创建人',
  `create_time` datetime(3) DEFAULT NULL COMMENT '创建时间',
  `update_by` bigint DEFAULT NULL COMMENT '修改人',
  `update_time` datetime(3) DEFAULT NULL COMMENT '修改时间',
  PRIMARY KEY (`id`) USING BTREE
) ENGINE=InnoDB AUTO_INCREMENT=5 DEFAULT CHARSET=utf8mb4 COLLATE=utf8mb4_general_ci ROW_FORMAT=DYNAMIC COMMENT='发货记录';

-- ----------------------------
-- Records of wms_delivery
-- ----------------------------
BEGIN;
INSERT INTO `wms_delivery` (`id`, `shipment_order_id`, `carrier_id`, `delivery_date`, `tracking_no`, `remark`, `del_flag`, `create_by`, `create_time`, `update_by`, `update_time`) VALUES (1, 13, 1, '2023-03-07 21:02:00.000', 'sf9349xxx', '小米手机', 0, 1, '2023-03-04 21:08:48.767', NULL, NULL);
INSERT INTO `wms_delivery` (`id`, `shipment_order_id`, `carrier_id`, `delivery_date`, `tracking_no`, `remark`, `del_flag`, `create_by`, `create_time`, `update_by`, `update_time`) VALUES (2, 13, 2, '2023-03-04 21:27:32.000', '78324009693265', '中通快递111', 0, 1, '2023-03-04 21:27:55.947', NULL, NULL);
INSERT INTO `wms_delivery` (`id`, `shipment_order_id`, `carrier_id`, `delivery_date`, `tracking_no`, `remark`, `del_flag`, `create_by`, `create_time`, `update_by`, `update_time`) VALUES (3, 13, 2, '2023-03-04 21:29:16.000', 'zt3434xx', 'ces ', 0, 1, '2023-03-04 21:29:26.179', NULL, NULL);
INSERT INTO `wms_delivery` (`id`, `shipment_order_id`, `carrier_id`, `delivery_date`, `tracking_no`, `remark`, `del_flag`, `create_by`, `create_time`, `update_by`, `update_time`) VALUES (4, 13, 3, NULL, '433043566845927', NULL, 0, 119, '2023-03-11 10:42:02.901', NULL, NULL);
COMMIT;

-- ----------------------------
-- Table structure for wms_inventory
-- ----------------------------
DROP TABLE IF EXISTS `wms_inventory`;
CREATE TABLE `wms_inventory` (
  `id` bigint NOT NULL AUTO_INCREMENT,
  `item_id` bigint DEFAULT NULL COMMENT '物料ID',
  `rack_id` bigint DEFAULT NULL COMMENT '货架id',
  `quantity` decimal(20,2) DEFAULT NULL COMMENT '库存',
  `remark` varchar(255) CHARACTER SET utf8mb4 COLLATE utf8mb4_general_ci DEFAULT NULL COMMENT '备注',
  `del_flag` tinyint NOT NULL DEFAULT '0' COMMENT '删除标识',
  `create_by` bigint DEFAULT NULL COMMENT '创建人',
  `create_time` datetime(3) DEFAULT NULL COMMENT '创建时间',
  `update_by` bigint DEFAULT NULL COMMENT '修改人',
  `update_time` datetime(3) DEFAULT NULL COMMENT '修改时间',
  `warehouse_id` bigint DEFAULT NULL COMMENT '所属仓库',
  `area_id` bigint DEFAULT NULL COMMENT '所属库区',
  PRIMARY KEY (`id`) USING BTREE
) ENGINE=InnoDB AUTO_INCREMENT=24 DEFAULT CHARSET=utf8mb4 COLLATE=utf8mb4_general_ci ROW_FORMAT=DYNAMIC COMMENT='库存';

-- ----------------------------
-- Records of wms_inventory
-- ----------------------------
BEGIN;
INSERT INTO `wms_inventory` (`id`, `item_id`, `rack_id`, `quantity`, `remark`, `del_flag`, `create_by`, `create_time`, `update_by`, `update_time`, `warehouse_id`, `area_id`) VALUES (1, 1, 1, 19.00, '1', 0, NULL, NULL, 1, '2022-10-10 23:15:28.499', 1, 1);
INSERT INTO `wms_inventory` (`id`, `item_id`, `rack_id`, `quantity`, `remark`, `del_flag`, `create_by`, `create_time`, `update_by`, `update_time`, `warehouse_id`, `area_id`) VALUES (2, 2, NULL, 3.00, NULL, 1, NULL, NULL, NULL, NULL, NULL, NULL);
INSERT INTO `wms_inventory` (`id`, `item_id`, `rack_id`, `quantity`, `remark`, `del_flag`, `create_by`, `create_time`, `update_by`, `update_time`, `warehouse_id`, `area_id`) VALUES (3, 2, NULL, 1.00, NULL, 1, NULL, NULL, NULL, NULL, NULL, NULL);
INSERT INTO `wms_inventory` (`id`, `item_id`, `rack_id`, `quantity`, `remark`, `del_flag`, `create_by`, `create_time`, `update_by`, `update_time`, `warehouse_id`, `area_id`) VALUES (4, 1, 5, 50.00, NULL, 0, 1, '2022-10-10 23:05:13.969', NULL, NULL, 1, 13);
INSERT INTO `wms_inventory` (`id`, `item_id`, `rack_id`, `quantity`, `remark`, `del_flag`, `create_by`, `create_time`, `update_by`, `update_time`, `warehouse_id`, `area_id`) VALUES (5, 2, 1, 33.00, NULL, 0, 1, '2022-10-10 23:05:13.969', 1, '2022-11-02 17:50:02.454', 1, 13);
INSERT INTO `wms_inventory` (`id`, `item_id`, `rack_id`, `quantity`, `remark`, `del_flag`, `create_by`, `create_time`, `update_by`, `update_time`, `warehouse_id`, `area_id`) VALUES (7, 1, 1, 5.00, NULL, 0, 1, '2022-10-24 18:05:17.538', 1, '2022-11-02 17:39:54.499', 1, 13);
INSERT INTO `wms_inventory` (`id`, `item_id`, `rack_id`, `quantity`, `remark`, `del_flag`, `create_by`, `create_time`, `update_by`, `update_time`, `warehouse_id`, `area_id`) VALUES (8, 2, 6, 18.00, NULL, 0, 1, '2022-11-02 17:25:32.344', 1, '2022-11-02 17:50:02.714', 2, 18);
INSERT INTO `wms_inventory` (`id`, `item_id`, `rack_id`, `quantity`, `remark`, `del_flag`, `create_by`, `create_time`, `update_by`, `update_time`, `warehouse_id`, `area_id`) VALUES (9, 1, NULL, 5.00, NULL, 0, 1, '2022-11-02 17:25:32.344', 1, '2023-01-13 14:56:04.080', 4, NULL);
INSERT INTO `wms_inventory` (`id`, `item_id`, `rack_id`, `quantity`, `remark`, `del_flag`, `create_by`, `create_time`, `update_by`, `update_time`, `warehouse_id`, `area_id`) VALUES (14, 2, NULL, 1.00, NULL, 0, 1, '2022-11-03 17:40:30.566', NULL, NULL, 2, 18);
INSERT INTO `wms_inventory` (`id`, `item_id`, `rack_id`, `quantity`, `remark`, `del_flag`, `create_by`, `create_time`, `update_by`, `update_time`, `warehouse_id`, `area_id`) VALUES (15, 2, NULL, 2.00, NULL, 0, 1, '2022-11-03 17:43:44.004', 1, '2022-11-03 17:48:28.148', 3, 16);
INSERT INTO `wms_inventory` (`id`, `item_id`, `rack_id`, `quantity`, `remark`, `del_flag`, `create_by`, `create_time`, `update_by`, `update_time`, `warehouse_id`, `area_id`) VALUES (16, 1, 7, 1.00, NULL, 0, 115, '2022-11-07 08:25:36.418', NULL, NULL, 3, 16);
INSERT INTO `wms_inventory` (`id`, `item_id`, `rack_id`, `quantity`, `remark`, `del_flag`, `create_by`, `create_time`, `update_by`, `update_time`, `warehouse_id`, `area_id`) VALUES (17, 3, NULL, 0.00, NULL, 0, 1, '2023-01-13 16:09:38.294', 1, '2023-01-13 16:18:49.597', 3, 14);
INSERT INTO `wms_inventory` (`id`, `item_id`, `rack_id`, `quantity`, `remark`, `del_flag`, `create_by`, `create_time`, `update_by`, `update_time`, `warehouse_id`, `area_id`) VALUES (18, 3, 8, 1.00, NULL, 0, 1, '2023-01-13 16:18:49.621', 1, '2023-01-13 16:19:24.111', 18, 41);
INSERT INTO `wms_inventory` (`id`, `item_id`, `rack_id`, `quantity`, `remark`, `del_flag`, `create_by`, `create_time`, `update_by`, `update_time`, `warehouse_id`, `area_id`) VALUES (19, 4, NULL, 4.00, NULL, 0, 1, '2023-02-10 00:23:26.551', 1, '2023-02-10 00:25:17.646', 3, 14);
INSERT INTO `wms_inventory` (`id`, `item_id`, `rack_id`, `quantity`, `remark`, `del_flag`, `create_by`, `create_time`, `update_by`, `update_time`, `warehouse_id`, `area_id`) VALUES (20, 4, 1, 3.00, NULL, 0, 1, '2023-02-10 12:53:21.044', 1, '2023-02-10 12:54:14.518', 2, 17);
INSERT INTO `wms_inventory` (`id`, `item_id`, `rack_id`, `quantity`, `remark`, `del_flag`, `create_by`, `create_time`, `update_by`, `update_time`, `warehouse_id`, `area_id`) VALUES (21, 4, NULL, -1.00, NULL, 0, 1, '2023-02-10 12:55:54.469', NULL, NULL, 3, NULL);
INSERT INTO `wms_inventory` (`id`, `item_id`, `rack_id`, `quantity`, `remark`, `del_flag`, `create_by`, `create_time`, `update_by`, `update_time`, `warehouse_id`, `area_id`) VALUES (22, 4, NULL, 5.00, NULL, 0, 1, '2023-02-28 09:59:58.472', 1, '2023-03-03 17:09:16.829', 14, NULL);
INSERT INTO `wms_inventory` (`id`, `item_id`, `rack_id`, `quantity`, `remark`, `del_flag`, `create_by`, `create_time`, `update_by`, `update_time`, `warehouse_id`, `area_id`) VALUES (23, 4, NULL, 1.00, NULL, 0, 1, '2023-03-03 21:41:50.158', NULL, NULL, 2, NULL);
COMMIT;

-- ----------------------------
-- Table structure for wms_inventory_history
-- ----------------------------
DROP TABLE IF EXISTS `wms_inventory_history`;
CREATE TABLE `wms_inventory_history` (
  `id` bigint NOT NULL AUTO_INCREMENT,
  `form_id` bigint DEFAULT NULL COMMENT '操作id（出库、入库、库存移动表单id）',
  `form_type` int DEFAULT NULL COMMENT '操作类型',
  `item_id` bigint DEFAULT NULL COMMENT '物料ID',
  `rack_id` bigint DEFAULT NULL COMMENT '货架id',
  `quantity` decimal(20,2) DEFAULT NULL COMMENT '库存变化',
  `remark` varchar(255) CHARACTER SET utf8mb4 COLLATE utf8mb4_general_ci DEFAULT NULL COMMENT '备注',
  `del_flag` tinyint NOT NULL DEFAULT '0' COMMENT '删除标识',
  `create_by` bigint DEFAULT NULL COMMENT '创建人',
  `create_time` datetime(3) DEFAULT NULL COMMENT '创建时间',
  `update_by` bigint DEFAULT NULL COMMENT '修改人',
  `update_time` datetime(3) DEFAULT NULL COMMENT '修改时间',
  `warehouse_id` bigint DEFAULT NULL COMMENT '所属仓库',
  `area_id` bigint DEFAULT NULL COMMENT '所属库区',
  PRIMARY KEY (`id`) USING BTREE
) ENGINE=InnoDB AUTO_INCREMENT=65 DEFAULT CHARSET=utf8mb4 COLLATE=utf8mb4_general_ci ROW_FORMAT=DYNAMIC COMMENT='库存记录';

-- ----------------------------
-- Records of wms_inventory_history
-- ----------------------------
BEGIN;
INSERT INTO `wms_inventory_history` (`id`, `form_id`, `form_type`, `item_id`, `rack_id`, `quantity`, `remark`, `del_flag`, `create_by`, `create_time`, `update_by`, `update_time`, `warehouse_id`, `area_id`) VALUES (18, 9, 13, 1, 1, 9.00, NULL, 0, 1, '2022-10-24 18:48:00.020', NULL, NULL, 1, 13);
INSERT INTO `wms_inventory_history` (`id`, `form_id`, `form_type`, `item_id`, `rack_id`, `quantity`, `remark`, `del_flag`, `create_by`, `create_time`, `update_by`, `update_time`, `warehouse_id`, `area_id`) VALUES (19, 9, 13, 1, 1, 18.00, NULL, 0, 1, '2022-10-24 18:49:30.030', NULL, NULL, 1, 13);
INSERT INTO `wms_inventory_history` (`id`, `form_id`, `form_type`, `item_id`, `rack_id`, `quantity`, `remark`, `del_flag`, `create_by`, `create_time`, `update_by`, `update_time`, `warehouse_id`, `area_id`) VALUES (20, 10, 12, 1, 1, 1.00, NULL, 0, 1, '2022-10-24 18:54:54.774', NULL, NULL, 1, 13);
INSERT INTO `wms_inventory_history` (`id`, `form_id`, `form_type`, `item_id`, `rack_id`, `quantity`, `remark`, `del_flag`, `create_by`, `create_time`, `update_by`, `update_time`, `warehouse_id`, `area_id`) VALUES (21, 13, 1, 1, 1, 7.00, NULL, 0, 1, '2022-10-31 22:08:12.343', NULL, NULL, 1, 13);
INSERT INTO `wms_inventory_history` (`id`, `form_id`, `form_type`, `item_id`, `rack_id`, `quantity`, `remark`, `del_flag`, `create_by`, `create_time`, `update_by`, `update_time`, `warehouse_id`, `area_id`) VALUES (22, 13, 1, 2, 5, 1.00, NULL, 0, 1, '2022-10-31 22:10:22.774', NULL, NULL, 1, 13);
INSERT INTO `wms_inventory_history` (`id`, `form_id`, `form_type`, `item_id`, `rack_id`, `quantity`, `remark`, `del_flag`, `create_by`, `create_time`, `update_by`, `update_time`, `warehouse_id`, `area_id`) VALUES (23, 14, 1, 1, 1, 1.00, NULL, 0, 1, '2022-11-01 15:44:15.883', NULL, NULL, 1, 13);
INSERT INTO `wms_inventory_history` (`id`, `form_id`, `form_type`, `item_id`, `rack_id`, `quantity`, `remark`, `del_flag`, `create_by`, `create_time`, `update_by`, `update_time`, `warehouse_id`, `area_id`) VALUES (24, 4, 22, 2, 6, 2.00, NULL, 0, 1, '2022-11-02 17:25:28.225', NULL, NULL, 2, 18);
INSERT INTO `wms_inventory_history` (`id`, `form_id`, `form_type`, `item_id`, `rack_id`, `quantity`, `remark`, `del_flag`, `create_by`, `create_time`, `update_by`, `update_time`, `warehouse_id`, `area_id`) VALUES (25, 4, 22, 1, NULL, 2.00, NULL, 0, 1, '2022-11-02 17:25:28.225', NULL, NULL, 4, NULL);
INSERT INTO `wms_inventory_history` (`id`, `form_id`, `form_type`, `item_id`, `rack_id`, `quantity`, `remark`, `del_flag`, `create_by`, `create_time`, `update_by`, `update_time`, `warehouse_id`, `area_id`) VALUES (26, 4, 21, 2, 1, 2.00, NULL, 0, 1, '2022-11-02 17:25:28.225', NULL, NULL, 1, 13);
INSERT INTO `wms_inventory_history` (`id`, `form_id`, `form_type`, `item_id`, `rack_id`, `quantity`, `remark`, `del_flag`, `create_by`, `create_time`, `update_by`, `update_time`, `warehouse_id`, `area_id`) VALUES (27, 4, 21, 1, 1, 2.00, NULL, 0, 1, '2022-11-02 17:25:28.225', NULL, NULL, 1, 13);
INSERT INTO `wms_inventory_history` (`id`, `form_id`, `form_type`, `item_id`, `rack_id`, `quantity`, `remark`, `del_flag`, `create_by`, `create_time`, `update_by`, `update_time`, `warehouse_id`, `area_id`) VALUES (28, 4, 21, 2, 1, 3.00, NULL, 0, 1, '2022-11-02 17:28:45.483', NULL, NULL, 1, 13);
INSERT INTO `wms_inventory_history` (`id`, `form_id`, `form_type`, `item_id`, `rack_id`, `quantity`, `remark`, `del_flag`, `create_by`, `create_time`, `update_by`, `update_time`, `warehouse_id`, `area_id`) VALUES (29, 4, 21, 1, 1, 3.00, NULL, 0, 1, '2022-11-02 17:28:45.483', NULL, NULL, 1, 13);
INSERT INTO `wms_inventory_history` (`id`, `form_id`, `form_type`, `item_id`, `rack_id`, `quantity`, `remark`, `del_flag`, `create_by`, `create_time`, `update_by`, `update_time`, `warehouse_id`, `area_id`) VALUES (30, 4, 22, 2, 6, 3.00, NULL, 0, 1, '2022-11-02 17:28:45.483', NULL, NULL, 2, 18);
INSERT INTO `wms_inventory_history` (`id`, `form_id`, `form_type`, `item_id`, `rack_id`, `quantity`, `remark`, `del_flag`, `create_by`, `create_time`, `update_by`, `update_time`, `warehouse_id`, `area_id`) VALUES (31, 4, 22, 1, NULL, 3.00, NULL, 0, 1, '2022-11-02 17:28:45.483', NULL, NULL, 4, NULL);
INSERT INTO `wms_inventory_history` (`id`, `form_id`, `form_type`, `item_id`, `rack_id`, `quantity`, `remark`, `del_flag`, `create_by`, `create_time`, `update_by`, `update_time`, `warehouse_id`, `area_id`) VALUES (32, 4, 21, 2, 1, 5.00, NULL, 0, 1, '2022-11-02 17:30:35.124', NULL, NULL, 1, 13);
INSERT INTO `wms_inventory_history` (`id`, `form_id`, `form_type`, `item_id`, `rack_id`, `quantity`, `remark`, `del_flag`, `create_by`, `create_time`, `update_by`, `update_time`, `warehouse_id`, `area_id`) VALUES (33, 4, 21, 1, 1, 5.00, NULL, 0, 1, '2022-11-02 17:30:35.124', NULL, NULL, 1, 13);
INSERT INTO `wms_inventory_history` (`id`, `form_id`, `form_type`, `item_id`, `rack_id`, `quantity`, `remark`, `del_flag`, `create_by`, `create_time`, `update_by`, `update_time`, `warehouse_id`, `area_id`) VALUES (34, 4, 22, 2, 6, 5.00, NULL, 0, 1, '2022-11-02 17:30:35.124', NULL, NULL, 2, 18);
INSERT INTO `wms_inventory_history` (`id`, `form_id`, `form_type`, `item_id`, `rack_id`, `quantity`, `remark`, `del_flag`, `create_by`, `create_time`, `update_by`, `update_time`, `warehouse_id`, `area_id`) VALUES (35, 4, 22, 1, NULL, 5.00, NULL, 0, 1, '2022-11-02 17:30:35.124', NULL, NULL, 4, NULL);
INSERT INTO `wms_inventory_history` (`id`, `form_id`, `form_type`, `item_id`, `rack_id`, `quantity`, `remark`, `del_flag`, `create_by`, `create_time`, `update_by`, `update_time`, `warehouse_id`, `area_id`) VALUES (36, 4, 21, 2, 1, 1.00, NULL, 0, 1, '2022-11-02 17:34:50.453', NULL, NULL, 1, 13);
INSERT INTO `wms_inventory_history` (`id`, `form_id`, `form_type`, `item_id`, `rack_id`, `quantity`, `remark`, `del_flag`, `create_by`, `create_time`, `update_by`, `update_time`, `warehouse_id`, `area_id`) VALUES (37, 4, 21, 1, 1, 1.00, NULL, 0, 1, '2022-11-02 17:34:50.453', NULL, NULL, 1, 13);
INSERT INTO `wms_inventory_history` (`id`, `form_id`, `form_type`, `item_id`, `rack_id`, `quantity`, `remark`, `del_flag`, `create_by`, `create_time`, `update_by`, `update_time`, `warehouse_id`, `area_id`) VALUES (38, 4, 22, 2, 6, 1.00, NULL, 0, 1, '2022-11-02 17:34:50.453', NULL, NULL, 2, 18);
INSERT INTO `wms_inventory_history` (`id`, `form_id`, `form_type`, `item_id`, `rack_id`, `quantity`, `remark`, `del_flag`, `create_by`, `create_time`, `update_by`, `update_time`, `warehouse_id`, `area_id`) VALUES (39, 4, 22, 1, NULL, 1.00, NULL, 0, 1, '2022-11-02 17:34:50.453', NULL, NULL, 4, NULL);
INSERT INTO `wms_inventory_history` (`id`, `form_id`, `form_type`, `item_id`, `rack_id`, `quantity`, `remark`, `del_flag`, `create_by`, `create_time`, `update_by`, `update_time`, `warehouse_id`, `area_id`) VALUES (40, 4, 21, 2, 1, 1.00, NULL, 0, 1, '2022-11-02 17:39:48.448', NULL, NULL, 1, 13);
INSERT INTO `wms_inventory_history` (`id`, `form_id`, `form_type`, `item_id`, `rack_id`, `quantity`, `remark`, `del_flag`, `create_by`, `create_time`, `update_by`, `update_time`, `warehouse_id`, `area_id`) VALUES (41, 4, 21, 1, 1, 1.00, NULL, 0, 1, '2022-11-02 17:39:48.448', NULL, NULL, 1, 13);
INSERT INTO `wms_inventory_history` (`id`, `form_id`, `form_type`, `item_id`, `rack_id`, `quantity`, `remark`, `del_flag`, `create_by`, `create_time`, `update_by`, `update_time`, `warehouse_id`, `area_id`) VALUES (42, 4, 22, 2, 6, 1.00, NULL, 0, 1, '2022-11-02 17:39:48.448', NULL, NULL, 2, 18);
INSERT INTO `wms_inventory_history` (`id`, `form_id`, `form_type`, `item_id`, `rack_id`, `quantity`, `remark`, `del_flag`, `create_by`, `create_time`, `update_by`, `update_time`, `warehouse_id`, `area_id`) VALUES (43, 4, 22, 1, NULL, 1.00, NULL, 0, 1, '2022-11-02 17:39:48.448', NULL, NULL, 4, NULL);
INSERT INTO `wms_inventory_history` (`id`, `form_id`, `form_type`, `item_id`, `rack_id`, `quantity`, `remark`, `del_flag`, `create_by`, `create_time`, `update_by`, `update_time`, `warehouse_id`, `area_id`) VALUES (44, 4, 21, 2, 1, 9.00, NULL, 0, 1, '2022-11-02 17:50:02.308', NULL, NULL, 1, 13);
INSERT INTO `wms_inventory_history` (`id`, `form_id`, `form_type`, `item_id`, `rack_id`, `quantity`, `remark`, `del_flag`, `create_by`, `create_time`, `update_by`, `update_time`, `warehouse_id`, `area_id`) VALUES (45, 4, 22, 2, 6, 9.00, NULL, 0, 1, '2022-11-02 17:50:02.308', NULL, NULL, 2, 18);
INSERT INTO `wms_inventory_history` (`id`, `form_id`, `form_type`, `item_id`, `rack_id`, `quantity`, `remark`, `del_flag`, `create_by`, `create_time`, `update_by`, `update_time`, `warehouse_id`, `area_id`) VALUES (46, 14, 1, 2, NULL, 1.00, NULL, 0, 1, '2022-11-03 17:40:30.449', NULL, NULL, 2, 18);
INSERT INTO `wms_inventory_history` (`id`, `form_id`, `form_type`, `item_id`, `rack_id`, `quantity`, `remark`, `del_flag`, `create_by`, `create_time`, `update_by`, `update_time`, `warehouse_id`, `area_id`) VALUES (47, 13, 1, 2, NULL, 1.00, NULL, 0, 1, '2022-11-03 17:43:43.910', NULL, NULL, 3, 16);
INSERT INTO `wms_inventory_history` (`id`, `form_id`, `form_type`, `item_id`, `rack_id`, `quantity`, `remark`, `del_flag`, `create_by`, `create_time`, `update_by`, `update_time`, `warehouse_id`, `area_id`) VALUES (48, 13, 1, 2, NULL, 1.00, NULL, 0, 1, '2022-11-03 17:48:24.811', NULL, NULL, 3, 16);
INSERT INTO `wms_inventory_history` (`id`, `form_id`, `form_type`, `item_id`, `rack_id`, `quantity`, `remark`, `del_flag`, `create_by`, `create_time`, `update_by`, `update_time`, `warehouse_id`, `area_id`) VALUES (49, 16, 1, 1, 7, 1.00, NULL, 0, 115, '2022-11-07 08:25:36.358', NULL, NULL, 3, 16);
INSERT INTO `wms_inventory_history` (`id`, `form_id`, `form_type`, `item_id`, `rack_id`, `quantity`, `remark`, `del_flag`, `create_by`, `create_time`, `update_by`, `update_time`, `warehouse_id`, `area_id`) VALUES (50, 15, 1, 1, NULL, 3.00, NULL, 0, 1, '2023-01-13 14:56:04.053', NULL, NULL, 4, NULL);
INSERT INTO `wms_inventory_history` (`id`, `form_id`, `form_type`, `item_id`, `rack_id`, `quantity`, `remark`, `del_flag`, `create_by`, `create_time`, `update_by`, `update_time`, `warehouse_id`, `area_id`) VALUES (51, 18, 1, 3, NULL, 4.00, NULL, 0, 1, '2023-01-13 16:09:38.281', NULL, NULL, 3, 14);
INSERT INTO `wms_inventory_history` (`id`, `form_id`, `form_type`, `item_id`, `rack_id`, `quantity`, `remark`, `del_flag`, `create_by`, `create_time`, `update_by`, `update_time`, `warehouse_id`, `area_id`) VALUES (52, 6, 21, 3, NULL, 4.00, NULL, 0, 1, '2023-01-13 16:18:49.555', NULL, NULL, 3, 14);
INSERT INTO `wms_inventory_history` (`id`, `form_id`, `form_type`, `item_id`, `rack_id`, `quantity`, `remark`, `del_flag`, `create_by`, `create_time`, `update_by`, `update_time`, `warehouse_id`, `area_id`) VALUES (53, 6, 22, 3, 8, 4.00, NULL, 0, 1, '2023-01-13 16:18:49.555', NULL, NULL, 18, 41);
INSERT INTO `wms_inventory_history` (`id`, `form_id`, `form_type`, `item_id`, `rack_id`, `quantity`, `remark`, `del_flag`, `create_by`, `create_time`, `update_by`, `update_time`, `warehouse_id`, `area_id`) VALUES (54, 12, 11, 3, 8, 2.00, NULL, 0, 1, '2023-01-13 16:19:09.168', NULL, NULL, 18, 41);
INSERT INTO `wms_inventory_history` (`id`, `form_id`, `form_type`, `item_id`, `rack_id`, `quantity`, `remark`, `del_flag`, `create_by`, `create_time`, `update_by`, `update_time`, `warehouse_id`, `area_id`) VALUES (55, 12, 11, 3, 8, 1.00, NULL, 0, 1, '2023-01-13 16:19:24.101', NULL, NULL, 18, 41);
INSERT INTO `wms_inventory_history` (`id`, `form_id`, `form_type`, `item_id`, `rack_id`, `quantity`, `remark`, `del_flag`, `create_by`, `create_time`, `update_by`, `update_time`, `warehouse_id`, `area_id`) VALUES (56, 19, 1, 4, NULL, 2.00, NULL, 0, 1, '2023-02-10 00:23:26.536', NULL, NULL, 3, 14);
INSERT INTO `wms_inventory_history` (`id`, `form_id`, `form_type`, `item_id`, `rack_id`, `quantity`, `remark`, `del_flag`, `create_by`, `create_time`, `update_by`, `update_time`, `warehouse_id`, `area_id`) VALUES (57, 19, 1, 4, NULL, 2.00, NULL, 0, 1, '2023-02-10 00:25:17.634', NULL, NULL, 3, 14);
INSERT INTO `wms_inventory_history` (`id`, `form_id`, `form_type`, `item_id`, `rack_id`, `quantity`, `remark`, `del_flag`, `create_by`, `create_time`, `update_by`, `update_time`, `warehouse_id`, `area_id`) VALUES (58, 20, 1, 4, 1, 1.00, NULL, 0, 1, '2023-02-10 12:53:21.017', NULL, NULL, 2, 17);
INSERT INTO `wms_inventory_history` (`id`, `form_id`, `form_type`, `item_id`, `rack_id`, `quantity`, `remark`, `del_flag`, `create_by`, `create_time`, `update_by`, `update_time`, `warehouse_id`, `area_id`) VALUES (59, 20, 1, 4, 1, 2.00, NULL, 0, 1, '2023-02-10 12:54:14.503', NULL, NULL, 2, 17);
INSERT INTO `wms_inventory_history` (`id`, `form_id`, `form_type`, `item_id`, `rack_id`, `quantity`, `remark`, `del_flag`, `create_by`, `create_time`, `update_by`, `update_time`, `warehouse_id`, `area_id`) VALUES (60, 13, 11, 4, NULL, 1.00, NULL, 0, 1, '2023-02-10 12:55:54.451', NULL, NULL, 3, NULL);
INSERT INTO `wms_inventory_history` (`id`, `form_id`, `form_type`, `item_id`, `rack_id`, `quantity`, `remark`, `del_flag`, `create_by`, `create_time`, `update_by`, `update_time`, `warehouse_id`, `area_id`) VALUES (61, 21, 1, 4, NULL, 2.00, NULL, 0, 1, '2023-02-28 09:59:58.460', NULL, NULL, 14, NULL);
INSERT INTO `wms_inventory_history` (`id`, `form_id`, `form_type`, `item_id`, `rack_id`, `quantity`, `remark`, `del_flag`, `create_by`, `create_time`, `update_by`, `update_time`, `warehouse_id`, `area_id`) VALUES (62, 21, 1, 4, NULL, 2.00, NULL, 0, 1, '2023-02-28 10:00:44.297', NULL, NULL, 14, NULL);
INSERT INTO `wms_inventory_history` (`id`, `form_id`, `form_type`, `item_id`, `rack_id`, `quantity`, `remark`, `del_flag`, `create_by`, `create_time`, `update_by`, `update_time`, `warehouse_id`, `area_id`) VALUES (63, 22, 1, 4, NULL, 1.00, NULL, 0, 1, '2023-03-03 17:09:16.820', NULL, NULL, 14, NULL);
INSERT INTO `wms_inventory_history` (`id`, `form_id`, `form_type`, `item_id`, `rack_id`, `quantity`, `remark`, `del_flag`, `create_by`, `create_time`, `update_by`, `update_time`, `warehouse_id`, `area_id`) VALUES (64, 23, 1, 4, NULL, 1.00, NULL, 0, 1, '2023-03-03 21:41:50.142', NULL, NULL, 2, NULL);
COMMIT;

-- ----------------------------
-- Table structure for wms_inventory_movement
-- ----------------------------
DROP TABLE IF EXISTS `wms_inventory_movement`;
CREATE TABLE `wms_inventory_movement` (
  `id` bigint NOT NULL AUTO_INCREMENT,
  `inventory_movement_no` varchar(30) CHARACTER SET utf8mb4 COLLATE utf8mb4_general_ci DEFAULT NULL COMMENT '编号',
  `source_rack_id` bigint DEFAULT NULL COMMENT '原货架Id',
  `target_rack_id` bigint DEFAULT NULL COMMENT '目标货架',
  `status` tinyint DEFAULT NULL COMMENT '状态',
  `check_status` tinyint DEFAULT NULL COMMENT '审核状态',
  `check_user_id` bigint DEFAULT NULL COMMENT '审核人',
  `check_time` datetime(3) DEFAULT NULL COMMENT '审核时间',
  `remark` varchar(255) CHARACTER SET utf8mb4 COLLATE utf8mb4_general_ci DEFAULT NULL COMMENT '备注',
  `del_flag` tinyint NOT NULL DEFAULT '0' COMMENT '删除标识',
  `create_by` bigint DEFAULT NULL COMMENT '创建人',
  `create_time` datetime(3) DEFAULT NULL COMMENT '创建时间',
  `update_by` bigint DEFAULT NULL COMMENT '修改人',
  `update_time` datetime(3) DEFAULT NULL COMMENT '修改时间',
  PRIMARY KEY (`id`) USING BTREE
) ENGINE=InnoDB AUTO_INCREMENT=8 DEFAULT CHARSET=utf8mb4 COLLATE=utf8mb4_general_ci ROW_FORMAT=DYNAMIC COMMENT='库存移动';

-- ----------------------------
-- Records of wms_inventory_movement
-- ----------------------------
BEGIN;
INSERT INTO `wms_inventory_movement` (`id`, `inventory_movement_no`, `source_rack_id`, `target_rack_id`, `status`, `check_status`, `check_user_id`, `check_time`, `remark`, `del_flag`, `create_by`, `create_time`, `update_by`, `update_time`) VALUES (4, 'M-2022-11-02-162844', NULL, NULL, 22, NULL, NULL, NULL, '测试', 0, 1, '2022-11-02 16:38:04.000', 1, '2022-11-02 17:50:03.063');
INSERT INTO `wms_inventory_movement` (`id`, `inventory_movement_no`, `source_rack_id`, `target_rack_id`, `status`, `check_status`, `check_user_id`, `check_time`, `remark`, `del_flag`, `create_by`, `create_time`, `update_by`, `update_time`) VALUES (5, 'M-2023-01-13-153750', NULL, NULL, 21, NULL, NULL, NULL, '555', 0, 1, '2023-01-13 15:41:15.000', 1, '2023-01-13 15:41:43.924');
INSERT INTO `wms_inventory_movement` (`id`, `inventory_movement_no`, `source_rack_id`, `target_rack_id`, `status`, `check_status`, `check_user_id`, `check_time`, `remark`, `del_flag`, `create_by`, `create_time`, `update_by`, `update_time`) VALUES (6, 'M-2023-01-13-161739', NULL, NULL, 23, NULL, NULL, NULL, '科技学院采购，物资调配', 0, 1, '2023-01-13 16:18:13.000', 1, '2023-01-13 16:18:49.642');
INSERT INTO `wms_inventory_movement` (`id`, `inventory_movement_no`, `source_rack_id`, `target_rack_id`, `status`, `check_status`, `check_user_id`, `check_time`, `remark`, `del_flag`, `create_by`, `create_time`, `update_by`, `update_time`) VALUES (7, 'M-2023-03-11-161135', NULL, NULL, 21, NULL, NULL, NULL, NULL, 0, 1, '2023-03-11 16:12:09.783', NULL, NULL);
COMMIT;

-- ----------------------------
-- Table structure for wms_inventory_movement_detail
-- ----------------------------
DROP TABLE IF EXISTS `wms_inventory_movement_detail`;
CREATE TABLE `wms_inventory_movement_detail` (
  `id` bigint NOT NULL AUTO_INCREMENT,
  `inventory_movement_id` bigint DEFAULT NULL COMMENT '库存移动Id',
  `item_id` bigint DEFAULT NULL COMMENT '物料',
  `plan_quantity` decimal(20,2) DEFAULT NULL COMMENT '计划数量',
  `real_quantity` decimal(20,2) DEFAULT NULL COMMENT '实际数量',
  `del_flag` tinyint NOT NULL DEFAULT '0' COMMENT '删除标识',
  `remark` varchar(255) CHARACTER SET utf8mb4 COLLATE utf8mb4_general_ci DEFAULT NULL COMMENT '备注',
  `create_by` bigint DEFAULT NULL COMMENT '创建人',
  `create_time` datetime(3) DEFAULT NULL COMMENT '创建时间',
  `update_by` bigint DEFAULT NULL COMMENT '修改人',
  `update_time` datetime(3) DEFAULT NULL COMMENT '修改时间',
  `source_rack_id` bigint DEFAULT NULL COMMENT '源货架',
  `source_warehouse_id` bigint DEFAULT NULL COMMENT '源仓库',
  `source_area_id` bigint DEFAULT NULL COMMENT '源库区',
  `move_status` tinyint DEFAULT NULL COMMENT '移库状态',
  `target_rack_id` bigint DEFAULT NULL COMMENT '目标货架',
  `target_warehouse_id` bigint DEFAULT NULL COMMENT '目标仓库',
  `target_area_id` bigint DEFAULT NULL COMMENT '目标库区',
  PRIMARY KEY (`id`) USING BTREE
) ENGINE=InnoDB AUTO_INCREMENT=31 DEFAULT CHARSET=utf8mb4 COLLATE=utf8mb4_general_ci ROW_FORMAT=DYNAMIC COMMENT='库存移动详情';

-- ----------------------------
-- Records of wms_inventory_movement_detail
-- ----------------------------
BEGIN;
INSERT INTO `wms_inventory_movement_detail` (`id`, `inventory_movement_id`, `item_id`, `plan_quantity`, `real_quantity`, `del_flag`, `remark`, `create_by`, `create_time`, `update_by`, `update_time`, `source_rack_id`, `source_warehouse_id`, `source_area_id`, `move_status`, `target_rack_id`, `target_warehouse_id`, `target_area_id`) VALUES (24, 4, 2, 20.00, 21.00, 0, NULL, NULL, NULL, NULL, NULL, 1, 1, 13, 22, 6, 2, 18);
INSERT INTO `wms_inventory_movement_detail` (`id`, `inventory_movement_id`, `item_id`, `plan_quantity`, `real_quantity`, `del_flag`, `remark`, `create_by`, `create_time`, `update_by`, `update_time`, `source_rack_id`, `source_warehouse_id`, `source_area_id`, `move_status`, `target_rack_id`, `target_warehouse_id`, `target_area_id`) VALUES (25, 4, 1, 10.00, 12.00, 0, NULL, NULL, NULL, NULL, NULL, 1, 1, 13, 22, NULL, 4, NULL);
INSERT INTO `wms_inventory_movement_detail` (`id`, `inventory_movement_id`, `item_id`, `plan_quantity`, `real_quantity`, `del_flag`, `remark`, `create_by`, `create_time`, `update_by`, `update_time`, `source_rack_id`, `source_warehouse_id`, `source_area_id`, `move_status`, `target_rack_id`, `target_warehouse_id`, `target_area_id`) VALUES (27, 5, 2, 2.00, 2.00, 0, NULL, NULL, NULL, NULL, NULL, 5, 1, 13, 21, 1, 2, 17);
INSERT INTO `wms_inventory_movement_detail` (`id`, `inventory_movement_id`, `item_id`, `plan_quantity`, `real_quantity`, `del_flag`, `remark`, `create_by`, `create_time`, `update_by`, `update_time`, `source_rack_id`, `source_warehouse_id`, `source_area_id`, `move_status`, `target_rack_id`, `target_warehouse_id`, `target_area_id`) VALUES (29, 6, 3, 1.00, 4.00, 0, NULL, NULL, NULL, NULL, NULL, NULL, 3, 14, 23, 8, 18, 41);
INSERT INTO `wms_inventory_movement_detail` (`id`, `inventory_movement_id`, `item_id`, `plan_quantity`, `real_quantity`, `del_flag`, `remark`, `create_by`, `create_time`, `update_by`, `update_time`, `source_rack_id`, `source_warehouse_id`, `source_area_id`, `move_status`, `target_rack_id`, `target_warehouse_id`, `target_area_id`) VALUES (30, 7, 1, 1.00, NULL, 0, NULL, NULL, NULL, NULL, NULL, NULL, 4, NULL, 21, NULL, 2, 13);
COMMIT;

-- ----------------------------
-- Table structure for wms_item
-- ----------------------------
DROP TABLE IF EXISTS `wms_item`;
CREATE TABLE `wms_item` (
  `id` bigint NOT NULL AUTO_INCREMENT,
  `item_no` varchar(20) CHARACTER SET utf8mb4 COLLATE utf8mb4_general_ci NOT NULL COMMENT '编号',
  `item_name` varchar(60) CHARACTER SET utf8mb4 COLLATE utf8mb4_general_ci NOT NULL COMMENT '名称',
  `item_type` varchar(20) CHARACTER SET utf8mb4 COLLATE utf8mb4_general_ci DEFAULT NULL COMMENT '分类',
  `unit` varchar(20) CHARACTER SET utf8mb4 COLLATE utf8mb4_general_ci DEFAULT NULL COMMENT '单位类别',
  `rack_id` bigint DEFAULT NULL COMMENT '所属货架',
  `area_id` bigint DEFAULT NULL COMMENT '所属库区',
  `warehouse_id` bigint DEFAULT NULL COMMENT '所属仓库',
  `quantity` decimal(20,2) DEFAULT NULL COMMENT '安全库存',
  `expiry_date` datetime(3) DEFAULT NULL COMMENT '有效期',
  `del_flag` tinyint NOT NULL DEFAULT '0' COMMENT '删除标识',
  `remark` varchar(255) CHARACTER SET utf8mb4 COLLATE utf8mb4_general_ci DEFAULT NULL COMMENT '备注',
  `create_by` bigint DEFAULT NULL COMMENT '创建人',
  `create_time` datetime(3) DEFAULT NULL COMMENT '创建时间',
  `update_by` bigint DEFAULT NULL COMMENT '修改人',
  `update_time` datetime(3) DEFAULT NULL COMMENT '修改时间',
  `dept_id` int DEFAULT NULL COMMENT '部门ID',
  PRIMARY KEY (`id`) USING BTREE
) ENGINE=InnoDB AUTO_INCREMENT=6 DEFAULT CHARSET=utf8mb4 COLLATE=utf8mb4_general_ci ROW_FORMAT=DYNAMIC COMMENT='物料';

-- ----------------------------
-- Records of wms_item
-- ----------------------------
BEGIN;
INSERT INTO `wms_item` (`id`, `item_no`, `item_name`, `item_type`, `unit`, `rack_id`, `area_id`, `warehouse_id`, `quantity`, `expiry_date`, `del_flag`, `remark`, `create_by`, `create_time`, `update_by`, `update_time`, `dept_id`) VALUES (1, 'yejingpin', '液晶屏', '产成品', '个', NULL, 13, 1, 100000.00, NULL, 0, NULL, 1, '2022-08-10 11:31:24.000', 1, '2022-10-11 18:12:43.959', 108);
INSERT INTO `wms_item` (`id`, `item_no`, `item_name`, `item_type`, `unit`, `rack_id`, `area_id`, `warehouse_id`, `quantity`, `expiry_date`, `del_flag`, `remark`, `create_by`, `create_time`, `update_by`, `update_time`, `dept_id`) VALUES (2, 'shoujike', '手机壳', NULL, NULL, NULL, 18, 2, NULL, NULL, 1, NULL, 1, '2022-08-10 11:32:50.000', 1, '2022-10-10 15:46:59.106', 108);
INSERT INTO `wms_item` (`id`, `item_no`, `item_name`, `item_type`, `unit`, `rack_id`, `area_id`, `warehouse_id`, `quantity`, `expiry_date`, `del_flag`, `remark`, `create_by`, `create_time`, `update_by`, `update_time`, `dept_id`) VALUES (3, 'fy-kouzhao', '防疫物资-口罩', '产成品', '袋', 8, 41, 18, 100.00, '2023-02-22 00:00:00.000', 0, NULL, 1, '2023-01-13 15:58:34.657', NULL, NULL, 108);
INSERT INTO `wms_item` (`id`, `item_no`, `item_name`, `item_type`, `unit`, `rack_id`, `area_id`, `warehouse_id`, `quantity`, `expiry_date`, `del_flag`, `remark`, `create_by`, `create_time`, `update_by`, `update_time`, `dept_id`) VALUES (4, 'WL-89473', '小米手机13', '产成品', '台', NULL, NULL, NULL, 100.00, '2023-02-07 00:00:00.000', 0, '测试备注', 1, '2023-02-09 20:39:52.277', NULL, NULL, 102);
INSERT INTO `wms_item` (`id`, `item_no`, `item_name`, `item_type`, `unit`, `rack_id`, `area_id`, `warehouse_id`, `quantity`, `expiry_date`, `del_flag`, `remark`, `create_by`, `create_time`, `update_by`, `update_time`, `dept_id`) VALUES (5, '0001', '衣服A', '半成品', '', NULL, NULL, NULL, NULL, NULL, 0, NULL, 1, '2023-03-10 23:15:05.511', NULL, NULL, NULL);
COMMIT;

-- ----------------------------
-- Table structure for wms_rack
-- ----------------------------
DROP TABLE IF EXISTS `wms_rack`;
CREATE TABLE `wms_rack` (
  `id` bigint NOT NULL AUTO_INCREMENT,
  `rack_no` varchar(20) CHARACTER SET utf8mb4 COLLATE utf8mb4_general_ci NOT NULL COMMENT '编号',
  `rack_name` varchar(60) CHARACTER SET utf8mb4 COLLATE utf8mb4_general_ci DEFAULT NULL COMMENT '名称',
  `area_id` bigint NOT NULL COMMENT '所属库区',
  `warehouse_id` bigint NOT NULL COMMENT '所属仓库',
  `remark` varchar(255) CHARACTER SET utf8mb4 COLLATE utf8mb4_general_ci DEFAULT NULL COMMENT '备注',
  `del_flag` tinyint NOT NULL DEFAULT '0' COMMENT '删除标识',
  `create_by` bigint DEFAULT NULL COMMENT '创建人',
  `create_time` datetime(3) DEFAULT NULL COMMENT '创建时间',
  `update_by` bigint DEFAULT NULL COMMENT '修改人',
  `update_time` datetime(3) DEFAULT NULL COMMENT '修改时间',
  PRIMARY KEY (`id`) USING BTREE
) ENGINE=InnoDB AUTO_INCREMENT=10 DEFAULT CHARSET=utf8mb4 COLLATE=utf8mb4_general_ci ROW_FORMAT=DYNAMIC COMMENT='货架';

-- ----------------------------
-- Records of wms_rack
-- ----------------------------
BEGIN;
INSERT INTO `wms_rack` (`id`, `rack_no`, `rack_name`, `area_id`, `warehouse_id`, `remark`, `del_flag`, `create_by`, `create_time`, `update_by`, `update_time`) VALUES (1, '1', '苏州东1', 17, 2, NULL, 0, 1, '2022-08-09 11:50:30.000', 1, '2022-11-04 22:55:31.231');
INSERT INTO `wms_rack` (`id`, `rack_no`, `rack_name`, `area_id`, `warehouse_id`, `remark`, `del_flag`, `create_by`, `create_time`, `update_by`, `update_time`) VALUES (2, '23', 'sd', 14, 2, NULL, 1, 1, '2022-08-09 13:54:03.000', NULL, NULL);
INSERT INTO `wms_rack` (`id`, `rack_no`, `rack_name`, `area_id`, `warehouse_id`, `remark`, `del_flag`, `create_by`, `create_time`, `update_by`, `update_time`) VALUES (3, '23', '45', 13, 1, NULL, 1, 1, '2022-08-09 15:33:18.000', NULL, NULL);
INSERT INTO `wms_rack` (`id`, `rack_no`, `rack_name`, `area_id`, `warehouse_id`, `remark`, `del_flag`, `create_by`, `create_time`, `update_by`, `update_time`) VALUES (4, '23', '南京北1', 17, 2, NULL, 0, 1, '2022-08-09 15:37:15.000', NULL, NULL);
INSERT INTO `wms_rack` (`id`, `rack_no`, `rack_name`, `area_id`, `warehouse_id`, `remark`, `del_flag`, `create_by`, `create_time`, `update_by`, `update_time`) VALUES (5, '22', '苏州东2', 13, 1, NULL, 0, 1, '2022-08-10 10:13:02.000', NULL, NULL);
INSERT INTO `wms_rack` (`id`, `rack_no`, `rack_name`, `area_id`, `warehouse_id`, `remark`, `del_flag`, `create_by`, `create_time`, `update_by`, `update_time`) VALUES (6, '12', '上海南3', 18, 2, NULL, 0, 1, '2022-08-10 10:13:14.000', 1, '2022-10-09 23:02:31.322');
INSERT INTO `wms_rack` (`id`, `rack_no`, `rack_name`, `area_id`, `warehouse_id`, `remark`, `del_flag`, `create_by`, `create_time`, `update_by`, `update_time`) VALUES (7, '111', NULL, 16, 3, NULL, 0, 1, '2022-10-09 23:44:11.544', NULL, NULL);
INSERT INTO `wms_rack` (`id`, `rack_no`, `rack_name`, `area_id`, `warehouse_id`, `remark`, `del_flag`, `create_by`, `create_time`, `update_by`, `update_time`) VALUES (8, 'cq-1-1-1', '货架编号1', 41, 18, NULL, 0, 1, '2023-01-13 15:56:20.147', NULL, NULL);
INSERT INTO `wms_rack` (`id`, `rack_no`, `rack_name`, `area_id`, `warehouse_id`, `remark`, `del_flag`, `create_by`, `create_time`, `update_by`, `update_time`) VALUES (9, 'hly-a-01', '学生衣服货架', 42, 19, NULL, 0, 1, '2023-03-10 23:14:31.737', NULL, NULL);
COMMIT;

-- ----------------------------
-- Table structure for wms_receipt_order
-- ----------------------------
DROP TABLE IF EXISTS `wms_receipt_order`;
CREATE TABLE `wms_receipt_order` (
  `id` bigint NOT NULL AUTO_INCREMENT,
  `receipt_order_no` varchar(32) CHARACTER SET utf8mb4 COLLATE utf8mb4_general_ci DEFAULT NULL COMMENT '入库单号',
  `receipt_order_type` int DEFAULT NULL COMMENT '入库类型',
  `supplier_id` bigint DEFAULT NULL COMMENT '供应商',
  `order_no` varchar(32) CHARACTER SET utf8mb4 COLLATE utf8mb4_general_ci DEFAULT NULL COMMENT '订单号',
  `receipt_order_status` tinyint DEFAULT NULL COMMENT '入库状态',
  `remark` varchar(255) CHARACTER SET utf8mb4 COLLATE utf8mb4_general_ci DEFAULT NULL COMMENT '备注',
  `del_flag` tinyint NOT NULL DEFAULT '0' COMMENT '删除标识',
  `create_by` bigint DEFAULT NULL COMMENT '创建人',
  `create_time` datetime(3) DEFAULT NULL COMMENT '创建时间',
  `update_by` bigint DEFAULT NULL COMMENT '修改人',
  `update_time` datetime(3) DEFAULT NULL COMMENT '修改时间',
  PRIMARY KEY (`id`) USING BTREE
) ENGINE=InnoDB AUTO_INCREMENT=24 DEFAULT CHARSET=utf8mb4 COLLATE=utf8mb4_general_ci ROW_FORMAT=DYNAMIC COMMENT='入库单';

-- ----------------------------
-- Records of wms_receipt_order
-- ----------------------------
BEGIN;
INSERT INTO `wms_receipt_order` (`id`, `receipt_order_no`, `receipt_order_type`, `supplier_id`, `order_no`, `receipt_order_status`, `remark`, `del_flag`, `create_by`, `create_time`, `update_by`, `update_time`) VALUES (1, '1', 3, 1, '112', 0, '222', 1, NULL, '2022-08-13 13:51:29.000', 1, '2022-09-07 16:33:49.108');
INSERT INTO `wms_receipt_order` (`id`, `receipt_order_no`, `receipt_order_type`, `supplier_id`, `order_no`, `receipt_order_status`, `remark`, `del_flag`, `create_by`, `create_time`, `update_by`, `update_time`) VALUES (2, NULL, 1, 11, '11', 0, NULL, 1, 1, '2022-08-23 17:37:34.232', NULL, NULL);
INSERT INTO `wms_receipt_order` (`id`, `receipt_order_no`, `receipt_order_type`, `supplier_id`, `order_no`, `receipt_order_status`, `remark`, `del_flag`, `create_by`, `create_time`, `update_by`, `update_time`) VALUES (3, NULL, 1, 1, 'q', 0, NULL, 1, 1, '2022-08-30 19:36:47.983', NULL, NULL);
INSERT INTO `wms_receipt_order` (`id`, `receipt_order_no`, `receipt_order_type`, `supplier_id`, `order_no`, `receipt_order_status`, `remark`, `del_flag`, `create_by`, `create_time`, `update_by`, `update_time`) VALUES (4, NULL, 3, NULL, '1111', 0, NULL, 1, 1, '2022-08-30 19:37:30.517', NULL, NULL);
INSERT INTO `wms_receipt_order` (`id`, `receipt_order_no`, `receipt_order_type`, `supplier_id`, `order_no`, `receipt_order_status`, `remark`, `del_flag`, `create_by`, `create_time`, `update_by`, `update_time`) VALUES (5, 'R-20220901194301-2303', 1, 1, '20220901-1234234123423', 0, '采购入库', 0, 1, '2022-09-01 19:43:56.000', 115, '2022-11-06 00:16:48.482');
INSERT INTO `wms_receipt_order` (`id`, `receipt_order_no`, `receipt_order_type`, `supplier_id`, `order_no`, `receipt_order_status`, `remark`, `del_flag`, `create_by`, `create_time`, `update_by`, `update_time`) VALUES (6, 'R-20220901194936-0377', 1, 1, '20220901-15645132132', 0, '采购', 0, 1, '2022-09-01 19:50:04.000', 115, '2022-11-06 00:16:52.436');
INSERT INTO `wms_receipt_order` (`id`, `receipt_order_no`, `receipt_order_type`, `supplier_id`, `order_no`, `receipt_order_status`, `remark`, `del_flag`, `create_by`, `create_time`, `update_by`, `update_time`) VALUES (7, 'R-20220901200200-7813', 1, 1, '20220901-12346598321354', 0, '测试', 0, 1, '2022-09-01 20:03:35.000', 1, '2022-10-11 14:52:27.764');
INSERT INTO `wms_receipt_order` (`id`, `receipt_order_no`, `receipt_order_type`, `supplier_id`, `order_no`, `receipt_order_status`, `remark`, `del_flag`, `create_by`, `create_time`, `update_by`, `update_time`) VALUES (8, 'R-20220901200359-3039', 1, 1, '20220901-123456789', 2, 'test', 0, 1, '2022-09-01 20:04:22.000', 1, '2022-10-10 10:55:28.806');
INSERT INTO `wms_receipt_order` (`id`, `receipt_order_no`, `receipt_order_type`, `supplier_id`, `order_no`, `receipt_order_status`, `remark`, `del_flag`, `create_by`, `create_time`, `update_by`, `update_time`) VALUES (9, 'R-2022-09-14-112215', 2, 1, '111222', 2, '11dfasdfdasfsdf中文', 0, 1, '2022-09-14 11:23:14.000', 1, '2022-10-09 15:13:27.901');
INSERT INTO `wms_receipt_order` (`id`, `receipt_order_no`, `receipt_order_type`, `supplier_id`, `order_no`, `receipt_order_status`, `remark`, `del_flag`, `create_by`, `create_time`, `update_by`, `update_time`) VALUES (10, 'R-2022-10-10-162014', 1, 1, '1', 0, '2', 1, 1, '2022-10-10 16:20:22.282', NULL, NULL);
INSERT INTO `wms_receipt_order` (`id`, `receipt_order_no`, `receipt_order_type`, `supplier_id`, `order_no`, `receipt_order_status`, `remark`, `del_flag`, `create_by`, `create_time`, `update_by`, `update_time`) VALUES (11, 'R-2022-10-10-220001', 1, 1, '20221010-1', 2, '测试没有物料', 1, 1, '2022-10-10 22:00:24.000', 1, '2022-10-10 22:52:53.910');
INSERT INTO `wms_receipt_order` (`id`, `receipt_order_no`, `receipt_order_type`, `supplier_id`, `order_no`, `receipt_order_status`, `remark`, `del_flag`, `create_by`, `create_time`, `update_by`, `update_time`) VALUES (12, 'R-2022-10-10-225306', 1, 1, '20221010-2', 2, '测试入库', 0, 1, '2022-10-10 22:53:34.000', 1, '2022-10-10 23:05:14.209');
INSERT INTO `wms_receipt_order` (`id`, `receipt_order_no`, `receipt_order_type`, `supplier_id`, `order_no`, `receipt_order_status`, `remark`, `del_flag`, `create_by`, `create_time`, `update_by`, `update_time`) VALUES (13, 'R-2022-10-10-231339', 1, 2, '20221010-3', 2, NULL, 0, 1, '2022-10-10 23:14:04.000', 1, '2022-11-03 17:48:36.779');
INSERT INTO `wms_receipt_order` (`id`, `receipt_order_no`, `receipt_order_type`, `supplier_id`, `order_no`, `receipt_order_status`, `remark`, `del_flag`, `create_by`, `create_time`, `update_by`, `update_time`) VALUES (14, 'R-2022-10-20-143634', 1, NULL, NULL, 3, NULL, 0, 1, '2022-10-20 14:37:18.000', 1, '2022-11-03 17:40:30.995');
INSERT INTO `wms_receipt_order` (`id`, `receipt_order_no`, `receipt_order_type`, `supplier_id`, `order_no`, `receipt_order_status`, `remark`, `del_flag`, `create_by`, `create_time`, `update_by`, `update_time`) VALUES (15, 'R-2022-11-06-155158', 1, 2, '1', 3, NULL, 0, 115, '2022-11-06 15:52:22.000', 1, '2023-01-13 14:56:04.111');
INSERT INTO `wms_receipt_order` (`id`, `receipt_order_no`, `receipt_order_type`, `supplier_id`, `order_no`, `receipt_order_status`, `remark`, `del_flag`, `create_by`, `create_time`, `update_by`, `update_time`) VALUES (16, 'R-2022-11-06-210843', 1, 2, '1111', 2, '1111', 0, 115, '2022-11-06 21:09:18.000', 115, '2022-11-07 08:25:36.632');
INSERT INTO `wms_receipt_order` (`id`, `receipt_order_no`, `receipt_order_type`, `supplier_id`, `order_no`, `receipt_order_status`, `remark`, `del_flag`, `create_by`, `create_time`, `update_by`, `update_time`) VALUES (17, 'R-2022-11-07-082418', 1, 2, NULL, 0, NULL, 1, 115, '2022-11-07 08:24:52.146', NULL, NULL);
INSERT INTO `wms_receipt_order` (`id`, `receipt_order_no`, `receipt_order_type`, `supplier_id`, `order_no`, `receipt_order_status`, `remark`, `del_flag`, `create_by`, `create_time`, `update_by`, `update_time`) VALUES (18, 'R-2023-01-13-155934', 1, 4, '8238367383', 3, '京东采购', 0, 1, '2023-01-13 16:00:07.000', 1, '2023-01-13 16:09:43.579');
INSERT INTO `wms_receipt_order` (`id`, `receipt_order_no`, `receipt_order_type`, `supplier_id`, `order_no`, `receipt_order_status`, `remark`, `del_flag`, `create_by`, `create_time`, `update_by`, `update_time`) VALUES (19, 'R-2023-02-10-002151', 1, 1, '4', 3, '334', 0, 1, '2023-02-10 00:22:16.000', 1, '2023-02-10 00:25:17.675');
INSERT INTO `wms_receipt_order` (`id`, `receipt_order_no`, `receipt_order_type`, `supplier_id`, `order_no`, `receipt_order_status`, `remark`, `del_flag`, `create_by`, `create_time`, `update_by`, `update_time`) VALUES (20, 'R-2023-02-10-125243', 1, 2, '23234', 3, '23424', 0, 1, '2023-02-10 12:53:02.000', 1, '2023-02-10 12:54:14.554');
INSERT INTO `wms_receipt_order` (`id`, `receipt_order_no`, `receipt_order_type`, `supplier_id`, `order_no`, `receipt_order_status`, `remark`, `del_flag`, `create_by`, `create_time`, `update_by`, `update_time`) VALUES (21, 'R-2023-02-28-095915', 1, 1, '23424', 2, '234234', 0, 1, '2023-02-28 09:59:31.000', 1, '2023-02-28 10:00:44.339');
INSERT INTO `wms_receipt_order` (`id`, `receipt_order_no`, `receipt_order_type`, `supplier_id`, `order_no`, `receipt_order_status`, `remark`, `del_flag`, `create_by`, `create_time`, `update_by`, `update_time`) VALUES (22, 'R-2023-03-03-170857', 1, 2, '23', 3, '23', 0, 1, '2023-03-03 17:09:09.000', 1, '2023-03-03 17:09:16.863');
INSERT INTO `wms_receipt_order` (`id`, `receipt_order_no`, `receipt_order_type`, `supplier_id`, `order_no`, `receipt_order_status`, `remark`, `del_flag`, `create_by`, `create_time`, `update_by`, `update_time`) VALUES (23, 'R-2023-03-03-214124', 1, 1, 'jekjrhiw', 3, 'werwiehriow', 0, 1, '2023-03-03 21:41:42.000', 1, '2023-03-03 21:41:50.209');
COMMIT;

-- ----------------------------
-- Table structure for wms_receipt_order_detail
-- ----------------------------
DROP TABLE IF EXISTS `wms_receipt_order_detail`;
CREATE TABLE `wms_receipt_order_detail` (
  `id` bigint NOT NULL AUTO_INCREMENT,
  `receipt_order_id` bigint DEFAULT NULL COMMENT '入库单号',
  `item_id` bigint DEFAULT NULL COMMENT '物料',
  `plan_quantity` decimal(20,2) DEFAULT NULL COMMENT '计划数量',
  `real_quantity` decimal(20,2) DEFAULT NULL COMMENT '实际数量',
  `rack_id` bigint DEFAULT NULL COMMENT '所属货架',
  `del_flag` tinyint NOT NULL DEFAULT '0' COMMENT '删除标识',
  `remark` varchar(255) CHARACTER SET utf8mb4 COLLATE utf8mb4_general_ci DEFAULT NULL COMMENT '备注',
  `create_by` bigint DEFAULT NULL COMMENT '创建人',
  `create_time` datetime(3) DEFAULT NULL COMMENT '创建时间',
  `update_by` bigint DEFAULT NULL COMMENT '修改人',
  `update_time` datetime(3) DEFAULT NULL COMMENT '修改时间',
  `warehouse_id` bigint DEFAULT NULL COMMENT '所属仓库',
  `area_id` bigint DEFAULT NULL COMMENT '所属库区',
  `receipt_order_status` tinyint DEFAULT NULL COMMENT '入库状态',
  PRIMARY KEY (`id`) USING BTREE
) ENGINE=InnoDB AUTO_INCREMENT=277 DEFAULT CHARSET=utf8mb4 COLLATE=utf8mb4_general_ci ROW_FORMAT=DYNAMIC COMMENT='入库单详情';

-- ----------------------------
-- Records of wms_receipt_order_detail
-- ----------------------------
BEGIN;
INSERT INTO `wms_receipt_order_detail` (`id`, `receipt_order_id`, `item_id`, `plan_quantity`, `real_quantity`, `rack_id`, `del_flag`, `remark`, `create_by`, `create_time`, `update_by`, `update_time`, `warehouse_id`, `area_id`, `receipt_order_status`) VALUES (184, 9, 1, 1000.00, 10.00, NULL, 0, NULL, NULL, NULL, NULL, NULL, 1, 13, 3);
INSERT INTO `wms_receipt_order_detail` (`id`, `receipt_order_id`, `item_id`, `plan_quantity`, `real_quantity`, `rack_id`, `del_flag`, `remark`, `create_by`, `create_time`, `update_by`, `update_time`, `warehouse_id`, `area_id`, `receipt_order_status`) VALUES (185, 9, 2, 1000.00, 1.00, NULL, 0, NULL, NULL, NULL, NULL, NULL, 1, 13, 2);
INSERT INTO `wms_receipt_order_detail` (`id`, `receipt_order_id`, `item_id`, `plan_quantity`, `real_quantity`, `rack_id`, `del_flag`, `remark`, `create_by`, `create_time`, `update_by`, `update_time`, `warehouse_id`, `area_id`, `receipt_order_status`) VALUES (190, 8, 1, 200.00, 20.00, NULL, 0, NULL, NULL, NULL, NULL, NULL, NULL, NULL, 2);
INSERT INTO `wms_receipt_order_detail` (`id`, `receipt_order_id`, `item_id`, `plan_quantity`, `real_quantity`, `rack_id`, `del_flag`, `remark`, `create_by`, `create_time`, `update_by`, `update_time`, `warehouse_id`, `area_id`, `receipt_order_status`) VALUES (191, 8, 2, 200.00, 1.00, NULL, 0, NULL, NULL, NULL, NULL, NULL, NULL, NULL, 0);
INSERT INTO `wms_receipt_order_detail` (`id`, `receipt_order_id`, `item_id`, `plan_quantity`, `real_quantity`, `rack_id`, `del_flag`, `remark`, `create_by`, `create_time`, `update_by`, `update_time`, `warehouse_id`, `area_id`, `receipt_order_status`) VALUES (204, 11, 1, 15.00, 14.00, 1, 0, NULL, NULL, NULL, NULL, NULL, 1, 13, 2);
INSERT INTO `wms_receipt_order_detail` (`id`, `receipt_order_id`, `item_id`, `plan_quantity`, `real_quantity`, `rack_id`, `del_flag`, `remark`, `create_by`, `create_time`, `update_by`, `update_time`, `warehouse_id`, `area_id`, `receipt_order_status`) VALUES (205, 11, 2, 15.00, 14.00, 6, 0, NULL, NULL, NULL, NULL, NULL, 2, 18, 2);
INSERT INTO `wms_receipt_order_detail` (`id`, `receipt_order_id`, `item_id`, `plan_quantity`, `real_quantity`, `rack_id`, `del_flag`, `remark`, `create_by`, `create_time`, `update_by`, `update_time`, `warehouse_id`, `area_id`, `receipt_order_status`) VALUES (218, 12, 1, 10.00, 3.00, 5, 0, NULL, NULL, NULL, NULL, NULL, 1, 13, 2);
INSERT INTO `wms_receipt_order_detail` (`id`, `receipt_order_id`, `item_id`, `plan_quantity`, `real_quantity`, `rack_id`, `del_flag`, `remark`, `create_by`, `create_time`, `update_by`, `update_time`, `warehouse_id`, `area_id`, `receipt_order_status`) VALUES (219, 12, 2, 10.00, 3.00, 1, 0, NULL, NULL, NULL, NULL, NULL, 1, 13, 2);
INSERT INTO `wms_receipt_order_detail` (`id`, `receipt_order_id`, `item_id`, `plan_quantity`, `real_quantity`, `rack_id`, `del_flag`, `remark`, `create_by`, `create_time`, `update_by`, `update_time`, `warehouse_id`, `area_id`, `receipt_order_status`) VALUES (228, 7, 1, 10000.00, NULL, NULL, 0, NULL, NULL, NULL, NULL, NULL, 1, NULL, 0);
INSERT INTO `wms_receipt_order_detail` (`id`, `receipt_order_id`, `item_id`, `plan_quantity`, `real_quantity`, `rack_id`, `del_flag`, `remark`, `create_by`, `create_time`, `update_by`, `update_time`, `warehouse_id`, `area_id`, `receipt_order_status`) VALUES (229, 7, 2, 10000.00, NULL, NULL, 0, NULL, NULL, NULL, NULL, NULL, 1, NULL, 0);
INSERT INTO `wms_receipt_order_detail` (`id`, `receipt_order_id`, `item_id`, `plan_quantity`, `real_quantity`, `rack_id`, `del_flag`, `remark`, `create_by`, `create_time`, `update_by`, `update_time`, `warehouse_id`, `area_id`, `receipt_order_status`) VALUES (242, 14, 1, 1.00, 1.00, 1, 0, NULL, NULL, NULL, NULL, NULL, 1, 13, 3);
INSERT INTO `wms_receipt_order_detail` (`id`, `receipt_order_id`, `item_id`, `plan_quantity`, `real_quantity`, `rack_id`, `del_flag`, `remark`, `create_by`, `create_time`, `update_by`, `update_time`, `warehouse_id`, `area_id`, `receipt_order_status`) VALUES (243, 14, 2, 1.00, 1.00, NULL, 0, NULL, NULL, NULL, NULL, NULL, 2, 18, 3);
INSERT INTO `wms_receipt_order_detail` (`id`, `receipt_order_id`, `item_id`, `plan_quantity`, `real_quantity`, `rack_id`, `del_flag`, `remark`, `create_by`, `create_time`, `update_by`, `update_time`, `warehouse_id`, `area_id`, `receipt_order_status`) VALUES (248, 13, 1, 10.00, 10.00, 1, 0, NULL, NULL, NULL, NULL, NULL, 1, 13, 2);
INSERT INTO `wms_receipt_order_detail` (`id`, `receipt_order_id`, `item_id`, `plan_quantity`, `real_quantity`, `rack_id`, `del_flag`, `remark`, `create_by`, `create_time`, `update_by`, `update_time`, `warehouse_id`, `area_id`, `receipt_order_status`) VALUES (249, 13, 2, 10.00, 6.00, NULL, 0, NULL, NULL, NULL, NULL, NULL, 3, 16, 2);
INSERT INTO `wms_receipt_order_detail` (`id`, `receipt_order_id`, `item_id`, `plan_quantity`, `real_quantity`, `rack_id`, `del_flag`, `remark`, `create_by`, `create_time`, `update_by`, `update_time`, `warehouse_id`, `area_id`, `receipt_order_status`) VALUES (256, 16, 1, 1.00, 1.00, 7, 0, NULL, NULL, NULL, NULL, NULL, 3, 16, 2);
INSERT INTO `wms_receipt_order_detail` (`id`, `receipt_order_id`, `item_id`, `plan_quantity`, `real_quantity`, `rack_id`, `del_flag`, `remark`, `create_by`, `create_time`, `update_by`, `update_time`, `warehouse_id`, `area_id`, `receipt_order_status`) VALUES (258, 15, 1, 5.00, 3.00, NULL, 0, NULL, NULL, NULL, NULL, NULL, 4, NULL, 3);
INSERT INTO `wms_receipt_order_detail` (`id`, `receipt_order_id`, `item_id`, `plan_quantity`, `real_quantity`, `rack_id`, `del_flag`, `remark`, `create_by`, `create_time`, `update_by`, `update_time`, `warehouse_id`, `area_id`, `receipt_order_status`) VALUES (262, 18, 3, 4.00, 4.00, NULL, 0, NULL, NULL, NULL, NULL, NULL, 3, 14, 3);
INSERT INTO `wms_receipt_order_detail` (`id`, `receipt_order_id`, `item_id`, `plan_quantity`, `real_quantity`, `rack_id`, `del_flag`, `remark`, `create_by`, `create_time`, `update_by`, `update_time`, `warehouse_id`, `area_id`, `receipt_order_status`) VALUES (265, 19, 4, 2.00, 4.00, NULL, 0, NULL, NULL, NULL, NULL, NULL, 3, 14, 3);
INSERT INTO `wms_receipt_order_detail` (`id`, `receipt_order_id`, `item_id`, `plan_quantity`, `real_quantity`, `rack_id`, `del_flag`, `remark`, `create_by`, `create_time`, `update_by`, `update_time`, `warehouse_id`, `area_id`, `receipt_order_status`) VALUES (268, 20, 4, 4.00, 3.00, 1, 0, NULL, NULL, NULL, NULL, NULL, 2, 17, 3);
INSERT INTO `wms_receipt_order_detail` (`id`, `receipt_order_id`, `item_id`, `plan_quantity`, `real_quantity`, `rack_id`, `del_flag`, `remark`, `create_by`, `create_time`, `update_by`, `update_time`, `warehouse_id`, `area_id`, `receipt_order_status`) VALUES (272, 21, 4, 3.00, 3.00, NULL, 0, NULL, NULL, NULL, NULL, NULL, 14, NULL, 2);
INSERT INTO `wms_receipt_order_detail` (`id`, `receipt_order_id`, `item_id`, `plan_quantity`, `real_quantity`, `rack_id`, `del_flag`, `remark`, `create_by`, `create_time`, `update_by`, `update_time`, `warehouse_id`, `area_id`, `receipt_order_status`) VALUES (274, 22, 4, 1.00, 1.00, NULL, 0, NULL, NULL, NULL, NULL, NULL, 14, NULL, 3);
INSERT INTO `wms_receipt_order_detail` (`id`, `receipt_order_id`, `item_id`, `plan_quantity`, `real_quantity`, `rack_id`, `del_flag`, `remark`, `create_by`, `create_time`, `update_by`, `update_time`, `warehouse_id`, `area_id`, `receipt_order_status`) VALUES (276, 23, 4, 1.00, 1.00, NULL, 0, NULL, NULL, NULL, NULL, NULL, 2, NULL, 3);
COMMIT;

-- ----------------------------
-- Table structure for wms_shipment_order
-- ----------------------------
DROP TABLE IF EXISTS `wms_shipment_order`;
CREATE TABLE `wms_shipment_order` (
  `id` bigint NOT NULL AUTO_INCREMENT,
  `shipment_order_no` varchar(22) CHARACTER SET utf8mb4 COLLATE utf8mb4_general_ci DEFAULT NULL COMMENT '出库单号，系统自动生成',
  `shipment_order_type` int DEFAULT NULL COMMENT '出库类型',
  `order_no` varchar(50) CHARACTER SET utf8mb4 COLLATE utf8mb4_general_ci DEFAULT NULL COMMENT '出库订单',
  `customer_id` bigint DEFAULT NULL COMMENT '客户',
  `shipment_order_status` tinyint DEFAULT NULL COMMENT '出库单状态',
  `check_status` tinyint DEFAULT NULL COMMENT '审核状态',
  `check_user_id` bigint DEFAULT NULL COMMENT '审核人',
  `check_time` datetime(3) DEFAULT NULL COMMENT '审核时间',
  `remark` varchar(255) CHARACTER SET utf8mb4 COLLATE utf8mb4_general_ci DEFAULT NULL COMMENT '备注',
  `del_flag` tinyint NOT NULL DEFAULT '0' COMMENT '删除标识',
  `create_by` bigint DEFAULT NULL COMMENT '创建人',
  `create_time` datetime(3) DEFAULT NULL COMMENT '创建时间',
  `update_by` bigint DEFAULT NULL COMMENT '修改人',
  `update_time` datetime(3) DEFAULT NULL COMMENT '修改时间',
  PRIMARY KEY (`id`) USING BTREE
) ENGINE=InnoDB AUTO_INCREMENT=14 DEFAULT CHARSET=utf8mb4 COLLATE=utf8mb4_general_ci ROW_FORMAT=DYNAMIC COMMENT='出库单';

-- ----------------------------
-- Records of wms_shipment_order
-- ----------------------------
BEGIN;
INSERT INTO `wms_shipment_order` (`id`, `shipment_order_no`, `shipment_order_type`, `order_no`, `customer_id`, `shipment_order_status`, `check_status`, `check_user_id`, `check_time`, `remark`, `del_flag`, `create_by`, `create_time`, `update_by`, `update_time`) VALUES (7, 'E-2022-10-20-181904', 11, '2323123123123', 5, 11, NULL, NULL, NULL, '2swe 2e213213213', 1, 1, '2022-10-20 18:19:48.221', NULL, NULL);
INSERT INTO `wms_shipment_order` (`id`, `shipment_order_no`, `shipment_order_type`, `order_no`, `customer_id`, `shipment_order_status`, `check_status`, `check_user_id`, `check_time`, `remark`, `del_flag`, `create_by`, `create_time`, `update_by`, `update_time`) VALUES (8, 'E-2022-10-20-183635', 12, '43432c432432432', 4, 11, NULL, NULL, NULL, 'erewrc erfewrewrewrewr ', 1, 1, '2022-10-20 18:37:06.000', 1, '2022-10-20 18:38:39.825');
INSERT INTO `wms_shipment_order` (`id`, `shipment_order_no`, `shipment_order_type`, `order_no`, `customer_id`, `shipment_order_status`, `check_status`, `check_user_id`, `check_time`, `remark`, `del_flag`, `create_by`, `create_time`, `update_by`, `update_time`) VALUES (9, 'E-2022-10-20-183853', 13, 'r43534cerfrev235435435', 4, 13, NULL, NULL, NULL, 'rdter v retertre terter ', 0, 1, '2022-10-20 18:39:20.000', 1, '2022-10-24 18:49:58.052');
INSERT INTO `wms_shipment_order` (`id`, `shipment_order_no`, `shipment_order_type`, `order_no`, `customer_id`, `shipment_order_status`, `check_status`, `check_user_id`, `check_time`, `remark`, `del_flag`, `create_by`, `create_time`, `update_by`, `update_time`) VALUES (10, 'E-2022-10-24-185155', 12, '4332423432', 4, 12, NULL, NULL, NULL, '323', 0, 1, '2022-10-24 18:52:18.000', 1, '2022-10-24 18:55:00.622');
INSERT INTO `wms_shipment_order` (`id`, `shipment_order_no`, `shipment_order_type`, `order_no`, `customer_id`, `shipment_order_status`, `check_status`, `check_user_id`, `check_time`, `remark`, `del_flag`, `create_by`, `create_time`, `update_by`, `update_time`) VALUES (11, 'E-2022-10-28-105943', 12, '23323213213', 5, 11, NULL, NULL, NULL, 'efwejifsdknskd nfd多方面克里斯丁', 0, 1, '2022-10-28 11:00:05.000', 1, '2023-01-13 00:30:11.346');
INSERT INTO `wms_shipment_order` (`id`, `shipment_order_no`, `shipment_order_type`, `order_no`, `customer_id`, `shipment_order_status`, `check_status`, `check_user_id`, `check_time`, `remark`, `del_flag`, `create_by`, `create_time`, `update_by`, `update_time`) VALUES (12, 'E-2023-01-13-161637', 11, '2222', 4, 13, NULL, NULL, NULL, '重庆xxx防疫采购', 0, 1, '2023-01-13 16:17:20.000', 1, '2023-01-13 16:19:24.128');
INSERT INTO `wms_shipment_order` (`id`, `shipment_order_no`, `shipment_order_type`, `order_no`, `customer_id`, `shipment_order_status`, `check_status`, `check_user_id`, `check_time`, `remark`, `del_flag`, `create_by`, `create_time`, `update_by`, `update_time`) VALUES (13, 'E-2023-02-10-125437', 11, '345', 4, 13, NULL, NULL, NULL, '345', 0, 1, '2023-02-10 12:55:16.000', 1, '2023-02-10 12:56:01.934');
COMMIT;

-- ----------------------------
-- Table structure for wms_shipment_order_copy1
-- ----------------------------
DROP TABLE IF EXISTS `wms_shipment_order_copy1`;
CREATE TABLE `wms_shipment_order_copy1` (
  `id` bigint NOT NULL AUTO_INCREMENT,
  `shipment_order_no` varchar(22) CHARACTER SET utf8mb4 COLLATE utf8mb4_general_ci DEFAULT NULL COMMENT '出库单号，系统自动生成',
  `shipment_order_type` int DEFAULT NULL COMMENT '出库类型',
  `order_no` varchar(50) CHARACTER SET utf8mb4 COLLATE utf8mb4_general_ci DEFAULT NULL COMMENT '出库订单',
  `customer_id` bigint DEFAULT NULL COMMENT '客户',
  `shipment_order_status` tinyint DEFAULT NULL COMMENT '出库单状态',
  `check_status` tinyint DEFAULT NULL COMMENT '审核状态',
  `check_user_id` bigint DEFAULT NULL COMMENT '审核人',
  `check_time` datetime(3) DEFAULT NULL COMMENT '审核时间',
  `remark` varchar(255) CHARACTER SET utf8mb4 COLLATE utf8mb4_general_ci DEFAULT NULL COMMENT '备注',
  `del_flag` tinyint NOT NULL DEFAULT '0' COMMENT '删除标识',
  `create_by` bigint DEFAULT NULL COMMENT '创建人',
  `create_time` datetime(3) DEFAULT NULL COMMENT '创建时间',
  `update_by` bigint DEFAULT NULL COMMENT '修改人',
  `update_time` datetime(3) DEFAULT NULL COMMENT '修改时间',
  PRIMARY KEY (`id`) USING BTREE
) ENGINE=InnoDB AUTO_INCREMENT=14 DEFAULT CHARSET=utf8mb4 COLLATE=utf8mb4_general_ci ROW_FORMAT=DYNAMIC COMMENT='出库单';

-- ----------------------------
-- Records of wms_shipment_order_copy1
-- ----------------------------
BEGIN;
INSERT INTO `wms_shipment_order_copy1` (`id`, `shipment_order_no`, `shipment_order_type`, `order_no`, `customer_id`, `shipment_order_status`, `check_status`, `check_user_id`, `check_time`, `remark`, `del_flag`, `create_by`, `create_time`, `update_by`, `update_time`) VALUES (7, 'E-2022-10-20-181904', 11, '2323123123123', 5, 11, NULL, NULL, NULL, '2swe 2e213213213', 1, 1, '2022-10-20 18:19:48.221', NULL, NULL);
INSERT INTO `wms_shipment_order_copy1` (`id`, `shipment_order_no`, `shipment_order_type`, `order_no`, `customer_id`, `shipment_order_status`, `check_status`, `check_user_id`, `check_time`, `remark`, `del_flag`, `create_by`, `create_time`, `update_by`, `update_time`) VALUES (8, 'E-2022-10-20-183635', 12, '43432c432432432', 4, 11, NULL, NULL, NULL, 'erewrc erfewrewrewrewr ', 1, 1, '2022-10-20 18:37:06.000', 1, '2022-10-20 18:38:39.825');
INSERT INTO `wms_shipment_order_copy1` (`id`, `shipment_order_no`, `shipment_order_type`, `order_no`, `customer_id`, `shipment_order_status`, `check_status`, `check_user_id`, `check_time`, `remark`, `del_flag`, `create_by`, `create_time`, `update_by`, `update_time`) VALUES (9, 'E-2022-10-20-183853', 13, 'r43534cerfrev235435435', 4, 13, NULL, NULL, NULL, 'rdter v retertre terter ', 0, 1, '2022-10-20 18:39:20.000', 1, '2022-10-24 18:49:58.052');
INSERT INTO `wms_shipment_order_copy1` (`id`, `shipment_order_no`, `shipment_order_type`, `order_no`, `customer_id`, `shipment_order_status`, `check_status`, `check_user_id`, `check_time`, `remark`, `del_flag`, `create_by`, `create_time`, `update_by`, `update_time`) VALUES (10, 'E-2022-10-24-185155', 12, '4332423432', 4, 12, NULL, NULL, NULL, '323', 0, 1, '2022-10-24 18:52:18.000', 1, '2022-10-24 18:55:00.622');
INSERT INTO `wms_shipment_order_copy1` (`id`, `shipment_order_no`, `shipment_order_type`, `order_no`, `customer_id`, `shipment_order_status`, `check_status`, `check_user_id`, `check_time`, `remark`, `del_flag`, `create_by`, `create_time`, `update_by`, `update_time`) VALUES (11, 'E-2022-10-28-105943', 12, '23323213213', 5, 11, NULL, NULL, NULL, 'efwejifsdknskd nfd多方面克里斯丁', 0, 1, '2022-10-28 11:00:05.000', 1, '2023-01-13 00:30:11.346');
INSERT INTO `wms_shipment_order_copy1` (`id`, `shipment_order_no`, `shipment_order_type`, `order_no`, `customer_id`, `shipment_order_status`, `check_status`, `check_user_id`, `check_time`, `remark`, `del_flag`, `create_by`, `create_time`, `update_by`, `update_time`) VALUES (12, 'E-2023-01-13-161637', 11, '2222', 4, 13, NULL, NULL, NULL, '重庆xxx防疫采购', 0, 1, '2023-01-13 16:17:20.000', 1, '2023-01-13 16:19:24.128');
INSERT INTO `wms_shipment_order_copy1` (`id`, `shipment_order_no`, `shipment_order_type`, `order_no`, `customer_id`, `shipment_order_status`, `check_status`, `check_user_id`, `check_time`, `remark`, `del_flag`, `create_by`, `create_time`, `update_by`, `update_time`) VALUES (13, 'E-2023-02-10-125437', 11, '345', 4, 13, NULL, NULL, NULL, '345', 0, 1, '2023-02-10 12:55:16.000', 1, '2023-02-10 12:56:01.934');
COMMIT;

-- ----------------------------
-- Table structure for wms_shipment_order_detail
-- ----------------------------
DROP TABLE IF EXISTS `wms_shipment_order_detail`;
CREATE TABLE `wms_shipment_order_detail` (
  `id` bigint NOT NULL AUTO_INCREMENT,
  `shipment_order_id` bigint DEFAULT NULL COMMENT '出库单',
  `item_id` bigint DEFAULT NULL COMMENT '物料',
  `plan_quantity` decimal(20,2) DEFAULT NULL COMMENT '计划数量',
  `real_quantity` decimal(20,2) DEFAULT NULL COMMENT '实际数量',
  `rack_id` bigint DEFAULT NULL COMMENT '货架',
  `del_flag` tinyint NOT NULL DEFAULT '0' COMMENT '删除标识',
  `remark` varchar(255) CHARACTER SET utf8mb4 COLLATE utf8mb4_general_ci DEFAULT NULL COMMENT '备注',
  `create_by` bigint DEFAULT NULL COMMENT '创建人',
  `create_time` datetime(3) DEFAULT NULL COMMENT '创建时间',
  `update_by` bigint DEFAULT NULL COMMENT '修改人',
  `update_time` datetime(3) DEFAULT NULL COMMENT '修改时间',
  `warehouse_id` bigint DEFAULT NULL COMMENT '所属仓库',
  `area_id` bigint DEFAULT NULL COMMENT '所属库区',
  `shipment_order_status` tinyint DEFAULT NULL COMMENT '出库状态',
  PRIMARY KEY (`id`) USING BTREE
) ENGINE=InnoDB AUTO_INCREMENT=34 DEFAULT CHARSET=utf8mb4 COLLATE=utf8mb4_general_ci ROW_FORMAT=DYNAMIC COMMENT='出库单详情';

-- ----------------------------
-- Records of wms_shipment_order_detail
-- ----------------------------
BEGIN;
INSERT INTO `wms_shipment_order_detail` (`id`, `shipment_order_id`, `item_id`, `plan_quantity`, `real_quantity`, `rack_id`, `del_flag`, `remark`, `create_by`, `create_time`, `update_by`, `update_time`, `warehouse_id`, `area_id`, `shipment_order_status`) VALUES (1, 7, 1, 20.00, NULL, NULL, 0, NULL, NULL, NULL, NULL, NULL, 3, 14, 11);
INSERT INTO `wms_shipment_order_detail` (`id`, `shipment_order_id`, `item_id`, `plan_quantity`, `real_quantity`, `rack_id`, `del_flag`, `remark`, `create_by`, `create_time`, `update_by`, `update_time`, `warehouse_id`, `area_id`, `shipment_order_status`) VALUES (2, 7, 2, 101.00, NULL, NULL, 0, NULL, NULL, NULL, NULL, NULL, 7, NULL, 11);
INSERT INTO `wms_shipment_order_detail` (`id`, `shipment_order_id`, `item_id`, `plan_quantity`, `real_quantity`, `rack_id`, `del_flag`, `remark`, `create_by`, `create_time`, `update_by`, `update_time`, `warehouse_id`, `area_id`, `shipment_order_status`) VALUES (5, 8, 1, 15.00, NULL, 1, 0, NULL, NULL, NULL, NULL, NULL, 1, 13, 0);
INSERT INTO `wms_shipment_order_detail` (`id`, `shipment_order_id`, `item_id`, `plan_quantity`, `real_quantity`, `rack_id`, `del_flag`, `remark`, `create_by`, `create_time`, `update_by`, `update_time`, `warehouse_id`, `area_id`, `shipment_order_status`) VALUES (6, 8, 2, 200.00, NULL, NULL, 0, NULL, NULL, NULL, NULL, NULL, 3, 14, 0);
INSERT INTO `wms_shipment_order_detail` (`id`, `shipment_order_id`, `item_id`, `plan_quantity`, `real_quantity`, `rack_id`, `del_flag`, `remark`, `create_by`, `create_time`, `update_by`, `update_time`, `warehouse_id`, `area_id`, `shipment_order_status`) VALUES (16, 9, 1, 40.00, 40.00, 1, 0, NULL, NULL, NULL, NULL, NULL, 1, 13, 13);
INSERT INTO `wms_shipment_order_detail` (`id`, `shipment_order_id`, `item_id`, `plan_quantity`, `real_quantity`, `rack_id`, `del_flag`, `remark`, `create_by`, `create_time`, `update_by`, `update_time`, `warehouse_id`, `area_id`, `shipment_order_status`) VALUES (19, 10, 1, 20.00, 1.00, 1, 0, NULL, NULL, NULL, NULL, NULL, 1, 13, 12);
INSERT INTO `wms_shipment_order_detail` (`id`, `shipment_order_id`, `item_id`, `plan_quantity`, `real_quantity`, `rack_id`, `del_flag`, `remark`, `create_by`, `create_time`, `update_by`, `update_time`, `warehouse_id`, `area_id`, `shipment_order_status`) VALUES (20, 10, 2, 40.00, 1.00, 4, 0, NULL, NULL, NULL, NULL, NULL, 2, 17, 11);
INSERT INTO `wms_shipment_order_detail` (`id`, `shipment_order_id`, `item_id`, `plan_quantity`, `real_quantity`, `rack_id`, `del_flag`, `remark`, `create_by`, `create_time`, `update_by`, `update_time`, `warehouse_id`, `area_id`, `shipment_order_status`) VALUES (25, 11, 1, 11.00, 1.00, NULL, 0, NULL, NULL, NULL, NULL, NULL, 1, 15, 11);
INSERT INTO `wms_shipment_order_detail` (`id`, `shipment_order_id`, `item_id`, `plan_quantity`, `real_quantity`, `rack_id`, `del_flag`, `remark`, `create_by`, `create_time`, `update_by`, `update_time`, `warehouse_id`, `area_id`, `shipment_order_status`) VALUES (26, 11, 2, 22.00, 1.00, NULL, 0, NULL, NULL, NULL, NULL, NULL, 4, NULL, 11);
INSERT INTO `wms_shipment_order_detail` (`id`, `shipment_order_id`, `item_id`, `plan_quantity`, `real_quantity`, `rack_id`, `del_flag`, `remark`, `create_by`, `create_time`, `update_by`, `update_time`, `warehouse_id`, `area_id`, `shipment_order_status`) VALUES (29, 12, 3, 1.00, 3.00, 8, 0, NULL, NULL, NULL, NULL, NULL, 18, 41, 13);
INSERT INTO `wms_shipment_order_detail` (`id`, `shipment_order_id`, `item_id`, `plan_quantity`, `real_quantity`, `rack_id`, `del_flag`, `remark`, `create_by`, `create_time`, `update_by`, `update_time`, `warehouse_id`, `area_id`, `shipment_order_status`) VALUES (33, 13, 4, 1.00, 1.00, NULL, 0, NULL, NULL, NULL, NULL, NULL, 3, NULL, 13);
COMMIT;

-- ----------------------------
-- Table structure for wms_supplier
-- ----------------------------
DROP TABLE IF EXISTS `wms_supplier`;
CREATE TABLE `wms_supplier` (
  `id` bigint NOT NULL AUTO_INCREMENT,
  `supplier_no` varchar(20) CHARACTER SET utf8mb4 COLLATE utf8mb4_general_ci NOT NULL COMMENT '编号',
  `supplier_name` varchar(60) CHARACTER SET utf8mb4 COLLATE utf8mb4_general_ci NOT NULL COMMENT '名称',
  `address` varchar(80) CHARACTER SET utf8mb4 COLLATE utf8mb4_general_ci DEFAULT NULL COMMENT '地址',
  `mobile_no` varchar(13) CHARACTER SET utf8mb4 COLLATE utf8mb4_general_ci DEFAULT NULL COMMENT '手机号',
  `tel_no` varchar(13) CHARACTER SET utf8mb4 COLLATE utf8mb4_general_ci DEFAULT NULL COMMENT '座机号',
  `contact` varchar(30) CHARACTER SET utf8mb4 COLLATE utf8mb4_general_ci DEFAULT NULL COMMENT '联系人',
  `level` varchar(10) CHARACTER SET utf8mb4 COLLATE utf8mb4_general_ci DEFAULT NULL COMMENT '级别',
  `email` varchar(50) CHARACTER SET utf8mb4 COLLATE utf8mb4_general_ci DEFAULT NULL COMMENT 'Email',
  `remark` varchar(255) CHARACTER SET utf8mb4 COLLATE utf8mb4_general_ci DEFAULT NULL COMMENT '备注',
  `del_flag` tinyint NOT NULL DEFAULT '0' COMMENT '删除标识',
  `create_by` bigint DEFAULT NULL COMMENT '创建人',
  `create_time` datetime(3) DEFAULT NULL COMMENT '创建时间',
  `update_by` bigint DEFAULT NULL COMMENT '修改人',
  `update_time` datetime(3) DEFAULT NULL COMMENT '修改时间',
  PRIMARY KEY (`id`) USING BTREE
) ENGINE=InnoDB AUTO_INCREMENT=5 DEFAULT CHARSET=utf8mb4 COLLATE=utf8mb4_general_ci ROW_FORMAT=DYNAMIC COMMENT='供应商';

-- ----------------------------
-- Records of wms_supplier
-- ----------------------------
BEGIN;
INSERT INTO `wms_supplier` (`id`, `supplier_no`, `supplier_name`, `address`, `mobile_no`, `tel_no`, `contact`, `level`, `email`, `remark`, `del_flag`, `create_by`, `create_time`, `update_by`, `update_time`) VALUES (1, 'youda', '友达光电', NULL, NULL, NULL, NULL, '第一级', NULL, NULL, 0, 1, '2022-08-19 09:08:03.000', 1, '2022-09-07 17:15:24.484');
INSERT INTO `wms_supplier` (`id`, `supplier_no`, `supplier_name`, `address`, `mobile_no`, `tel_no`, `contact`, `level`, `email`, `remark`, `del_flag`, `create_by`, `create_time`, `update_by`, `update_time`) VALUES (2, 'huawei', '华为', NULL, NULL, NULL, NULL, '第一级', NULL, NULL, 0, 1, '2022-09-07 17:15:38.364', NULL, NULL);
INSERT INTO `wms_supplier` (`id`, `supplier_no`, `supplier_name`, `address`, `mobile_no`, `tel_no`, `contact`, `level`, `email`, `remark`, `del_flag`, `create_by`, `create_time`, `update_by`, `update_time`) VALUES (3, 'ximenzi', '西门子', NULL, NULL, NULL, NULL, NULL, NULL, NULL, 0, 1, '2022-09-07 17:15:49.629', NULL, NULL);
INSERT INTO `wms_supplier` (`id`, `supplier_no`, `supplier_name`, `address`, `mobile_no`, `tel_no`, `contact`, `level`, `email`, `remark`, `del_flag`, `create_by`, `create_time`, `update_by`, `update_time`) VALUES (4, 'jingdong', '京东药房', NULL, NULL, NULL, '刘老师', '第一级', NULL, NULL, 0, 1, '2023-01-13 15:59:25.152', NULL, NULL);
COMMIT;

-- ----------------------------
-- Table structure for wms_warehouse
-- ----------------------------
DROP TABLE IF EXISTS `wms_warehouse`;
CREATE TABLE `wms_warehouse` (
  `id` bigint NOT NULL AUTO_INCREMENT,
  `warehouse_no` varchar(20) CHARACTER SET utf8mb4 COLLATE utf8mb4_general_ci NOT NULL COMMENT '编号',
  `warehouse_name` varchar(50) CHARACTER SET utf8mb4 COLLATE utf8mb4_general_ci NOT NULL COMMENT '名称',
  `del_flag` tinyint NOT NULL DEFAULT '0' COMMENT '删除标识',
  `remark` varchar(255) CHARACTER SET utf8mb4 COLLATE utf8mb4_general_ci DEFAULT NULL COMMENT '备注',
  `create_by` bigint DEFAULT NULL COMMENT '创建人',
  `create_time` datetime(3) DEFAULT NULL COMMENT '创建时间',
  `update_by` bigint DEFAULT NULL COMMENT '修改人',
  `update_time` datetime(3) DEFAULT NULL COMMENT '修改时间',
  PRIMARY KEY (`id`) USING BTREE
) ENGINE=InnoDB AUTO_INCREMENT=20 DEFAULT CHARSET=utf8mb4 COLLATE=utf8mb4_general_ci ROW_FORMAT=DYNAMIC COMMENT='仓库';

-- ----------------------------
-- Records of wms_warehouse
-- ----------------------------
BEGIN;
INSERT INTO `wms_warehouse` (`id`, `warehouse_no`, `warehouse_name`, `del_flag`, `remark`, `create_by`, `create_time`, `update_by`, `update_time`) VALUES (1, 'suzhou', '苏州', 1, '创意产业园', 1, '2022-08-03 18:15:44.000', 115, '2022-11-07 11:21:23.129');
INSERT INTO `wms_warehouse` (`id`, `warehouse_no`, `warehouse_name`, `del_flag`, `remark`, `create_by`, `create_time`, `update_by`, `update_time`) VALUES (2, 'nanjing', '南京', 0, '中央门1号', 1, '2022-08-08 11:06:22.000', 115, '2022-11-07 11:21:03.249');
INSERT INTO `wms_warehouse` (`id`, `warehouse_no`, `warehouse_name`, `del_flag`, `remark`, `create_by`, `create_time`, `update_by`, `update_time`) VALUES (3, 'shanghai', '上海', 0, '青浦仓', 1, '2022-08-08 22:12:22.000', 115, '2022-11-07 11:21:43.635');
INSERT INTO `wms_warehouse` (`id`, `warehouse_no`, `warehouse_name`, `del_flag`, `remark`, `create_by`, `create_time`, `update_by`, `update_time`) VALUES (4, 'guagnzhou', '广州', 0, NULL, 1, '2022-08-16 11:14:01.000', 115, '2022-11-07 11:22:35.322');
INSERT INTO `wms_warehouse` (`id`, `warehouse_no`, `warehouse_name`, `del_flag`, `remark`, `create_by`, `create_time`, `update_by`, `update_time`) VALUES (5, '22222', '2222', 1, NULL, 1, '2022-08-16 11:14:05.000', 1, '2022-10-09 09:36:56.646');
INSERT INTO `wms_warehouse` (`id`, `warehouse_no`, `warehouse_name`, `del_flag`, `remark`, `create_by`, `create_time`, `update_by`, `update_time`) VALUES (6, '3', '3', 1, NULL, 1, '2022-08-16 11:14:10.409', NULL, NULL);
INSERT INTO `wms_warehouse` (`id`, `warehouse_no`, `warehouse_name`, `del_flag`, `remark`, `create_by`, `create_time`, `update_by`, `update_time`) VALUES (7, '4', '4', 1, NULL, 1, '2022-08-16 11:14:14.965', NULL, NULL);
INSERT INTO `wms_warehouse` (`id`, `warehouse_no`, `warehouse_name`, `del_flag`, `remark`, `create_by`, `create_time`, `update_by`, `update_time`) VALUES (8, '5', '5', 1, NULL, 1, '2022-08-16 11:14:19.883', NULL, NULL);
INSERT INTO `wms_warehouse` (`id`, `warehouse_no`, `warehouse_name`, `del_flag`, `remark`, `create_by`, `create_time`, `update_by`, `update_time`) VALUES (9, '6', '6', 1, NULL, 1, '2022-08-16 11:14:25.186', NULL, NULL);
INSERT INTO `wms_warehouse` (`id`, `warehouse_no`, `warehouse_name`, `del_flag`, `remark`, `create_by`, `create_time`, `update_by`, `update_time`) VALUES (10, '7', '7', 1, NULL, 1, '2022-08-16 11:14:30.594', NULL, NULL);
INSERT INTO `wms_warehouse` (`id`, `warehouse_no`, `warehouse_name`, `del_flag`, `remark`, `create_by`, `create_time`, `update_by`, `update_time`) VALUES (11, '8', '8', 1, NULL, 1, '2022-08-16 11:14:35.686', NULL, NULL);
INSERT INTO `wms_warehouse` (`id`, `warehouse_no`, `warehouse_name`, `del_flag`, `remark`, `create_by`, `create_time`, `update_by`, `update_time`) VALUES (12, '11', '11', 1, NULL, 1, '2022-10-18 18:57:23.006', NULL, NULL);
INSERT INTO `wms_warehouse` (`id`, `warehouse_no`, `warehouse_name`, `del_flag`, `remark`, `create_by`, `create_time`, `update_by`, `update_time`) VALUES (13, '11', '北京', 1, NULL, 1, '2022-11-01 14:12:13.665', NULL, NULL);
INSERT INTO `wms_warehouse` (`id`, `warehouse_no`, `warehouse_name`, `del_flag`, `remark`, `create_by`, `create_time`, `update_by`, `update_time`) VALUES (14, 'beijing', '北京', 0, NULL, 1, '2022-11-01 14:12:15.000', 115, '2022-11-07 11:22:43.136');
INSERT INTO `wms_warehouse` (`id`, `warehouse_no`, `warehouse_name`, `del_flag`, `remark`, `create_by`, `create_time`, `update_by`, `update_time`) VALUES (15, '11', '北京', 1, NULL, 1, '2022-11-01 14:12:17.170', NULL, NULL);
INSERT INTO `wms_warehouse` (`id`, `warehouse_no`, `warehouse_name`, `del_flag`, `remark`, `create_by`, `create_time`, `update_by`, `update_time`) VALUES (16, '12', '北京', 1, NULL, 1, '2022-11-01 14:13:15.060', NULL, NULL);
INSERT INTO `wms_warehouse` (`id`, `warehouse_no`, `warehouse_name`, `del_flag`, `remark`, `create_by`, `create_time`, `update_by`, `update_time`) VALUES (17, '12', '北京', 1, NULL, 1, '2022-11-01 14:14:01.121', NULL, NULL);
INSERT INTO `wms_warehouse` (`id`, `warehouse_no`, `warehouse_name`, `del_flag`, `remark`, `create_by`, `create_time`, `update_by`, `update_time`) VALUES (18, 'cq-1', '重庆一号仓库', 0, NULL, 1, '2023-01-13 15:53:27.000', 1, '2023-01-13 15:53:33.244');
INSERT INTO `wms_warehouse` (`id`, `warehouse_no`, `warehouse_name`, `del_flag`, `remark`, `create_by`, `create_time`, `update_by`, `update_time`) VALUES (19, 'hlw', '互联网学院', 0, NULL, 1, '2023-03-10 23:13:09.653', NULL, NULL);
COMMIT;

SET FOREIGN_KEY_CHECKS = 1;
